id,key,group,prototype,scientific,planetoids,name_variants,description,image_notes
1,Ursavi,Mammal,Grizzly bear,Ursus arctos,rocky|frozen,Earbay|Susru|Ur'ar|Bier|Ursusyr|Arktoz|Urarctos|Bearvi,"Massive omnivorous quadrupeds that can rear upright to over three metres. Thick layered fat lets them enter months-long torpor through harsh seasons, and their sense of smell outperforms most sensor gear.","Hulking hunched shoulders, dense shaggy fur with mineral-dust tint, blunt muzzle with extra nostril slits, long curved digging claws; overcast tundra light"
2,Thalvorn,Mammal,Polar bear,Ursus maritimus,frozen,Ur'ma|Ursusae|Maritimuz|Thaltimus|Bearvorn|Sumitiram|Ursusway|Ur-Ma,"Semi-aquatic apex predators of ice shelves and sub-ice oceans. Translucent hollow fur over black skin traps faint starlight as heat, and they can hold breath long enough to hunt beneath ice crusts.","Long-necked white bear silhouette, translucent fibre-optic fur glowing faintly, black skin, small ears, standing on cracked blue ice under a ringed gas giant sky"
3,Kerrath,Mammal,Grey wolf,Canis lupus,rocky|frozen,Olfway|Sinac|Ca'lu|Wulf|Canisyr|Lupuz|Kerlupus|Wolfrath,"Lean endurance runners living in tight family packs. They communicate across long distances with layered howls carrying harmonic information, and can track prey for days over broken terrain.","Lean canid, elongated legs, double-ridged spine crest, pale eyes with horizontal pupils, frost on muzzle fur; moonlit ridge"
4,Vulpeen,Mammal,Red fox,Vulpes vulpes,rocky,Edray|Sepluv|Vul'vul|Vulpesae|Vulpez|Vulvulpes|Redpeen|Ulpesvay,"Small, adaptable omnivores with acute low-frequency hearing used to detect prey under soil. They thrive on the fringes of any ecosystem and cache surplus food in scattered hidden stores.","Slender russet canid, oversized bushy tail with banded tip, narrow pointed snout, sharp amber eyes; twilight scrubland"
5,Fennari,Mammal,Fennec fox,Vulpes zerda,molten|rocky,Ennecfay|Vul'zer|Finnic|Vulpesari|Zerda|Fenzerda|Fenri|Adrez,Tiny desert foragers with enormous ears that radiate excess heat and pick up insect movement underground. Fur-soled feet insulate them from scorching rock and they rarely need to drink.,"Very small pale fox, ears as long as body with visible blood vessels glowing red, sand-coloured fur, standing on cracked basalt with lava glow in distance"
6,Pantheru,Mammal,Tiger,Panthera tigris,rocky,Igertay|Arehtnap|Pan'tig|Togir|Pantheos|Tigriz|Pantigris|Tiru,"Solitary striped ambush hunters, the largest felids of their homeworld. Each individual's stripe pattern is unique, and they are strong swimmers despite their mass.","Muscular big cat, bold stripes in unusual colours (teal on charcoal), longer forelimbs, glowing eyes; dense alien jungle mist"
7,Leonyx,Mammal,Lion,Panthera leo,rocky|molten,Ionlay|Pan'leo|Loun|Pantheari|Leoleo|Lionnyx|Antherapay|Pan-Leo,"Social big cats living in cooperative prides on open plains. Males grow dense neck manes that darken with age and health, and the species tolerates intense daytime heat by resting through the hottest hours.","Big cat with flaring crest-mane like a ruff of quills, sandy hide, heavy jaw; heat-shimmer savanna under a white-hot sun"
8,Snevra,Mammal,Snow leopard,Panthera uncia,frozen|rocky,Eopardlay|Pan'un|Liuperd|Pantheith|Unkia|Snevuncia|Leora|Aicnu,Elusive high-altitude predators with thick smoky fur and a long tail used for balance and as a scarf against wind. Wide furred paws act as snowshoes on loose ice and scree.,"Pale grey spotted cat, extremely long thick tail wrapped around body, wide paws, frost crystals in fur; icy cliffs"
9,Acinyx,Mammal,Cheetah,Acinonyx jubatus,rocky|molten,Eetahchay|Xynonica|Chiiteh|Aciesh|Jubatuz|Abatus|Cheenyx|Sutabuj,"The fastest sprinters of their world, built light with a flexible spine and non-retracting claws for grip. They hunt in daylight and overheat quickly after a chase.","Very slim spotted cat, tiny head, tear-line markings under eyes, deep chest, mid-sprint pose with blurred legs; dusty plains"
10,Lyncari,Mammal,Eurasian lynx,Lynx lynx,frozen|rocky,Ynxlay|Xnyl|Lynx'lynx|Lynx|Lynxoth|Lynks|Lynlynx|Lynxri,"Stocky forest cats with tufted ears, short tails and huge padded feet. They hunt by patient stalking in deep snow and have exceptional low-light vision.","Medium cat with long black ear tufts, facial ruff, spotted grey-gold fur, oversized paws; snowy conifer-like alien forest"
11,Hyenoth,Mammal,Spotted hyena,Crocuta crocuta,rocky|molten,Yenahay|Atucorc|Cro'cro|Hyine|Crocuix|Krokuta|Hyecuta|Ocutacray,Powerful scavenger-hunters with bone-crushing jaws and digestion able to dissolve bone. They live in large clans and use a wide repertoire of whoops and giggling calls.,"Sloping back, massive neck and jaw, spotted coarse fur, rounded ears, grinning mouth; dry red badlands"
12,Mustelk,Mammal,Wolverine,Gulo gulo,frozen|rocky,Olverineway|Olug|Gu'gu|Wulvironi|Guloae|Gulo|Musgulo|Woltelk,"Compact, ferociously strong mustelids that roam huge territories through snow. Frost-resistant fur and powerful jaws let them feed on frozen carcasses others cannot open.","Low bear-like mustelid, dark brown fur with pale side band, thick claws, snow on back; blizzard"
13,Lutrani,Mammal,Sea otter,Enhydra lutris,frozen|rocky,Otterway|Ardyhne|En'lut|Uttir|Enhydeen|Lutriz|Lutlutris|Otni,"Small marine mammals with the densest fur of any homeworld animal instead of blubber. They float on their backs, use stones as tools to open shellfish, and hold hands while resting.","Floating otter on back cracking a shell on its chest, dense whiskered face, webbed hind feet; icy kelp waters"
14,Melleth,Mammal,Honey badger,Mellivora capensis,toxic|molten,Adgerbay|Arovillem|Mel'ca|Bedgir|Melliund|Kapenziz|Melpensis|Badleth,"Fearless, thick-skinned omnivores with high resistance to venoms. Loose skin lets them twist inside a predator's grip, and they dig rapidly into hard ground.","Stocky low animal, black body with silver-white back mantle, tiny eyes, long digging claws; sulphur haze"
15,Mephix,Mammal,Striped skunk,Mephitis mephitis,toxic,Unkskay|Sitihpem|Mep'mep|Skank|Mephiix|Mefitiz|Mephitis|Skunkhix,Small omnivores that defend themselves with a sprayed sulphur-thiol chemical aimed with precision. Their bold contrast colouring serves as a warning to predators.,"Small black mammal with bold white dorsal stripes, plumed raised tail, faint yellow-green vapour; acidic fog"
16,Procyra,Mammal,Raccoon,Procyon lotor,rocky,Accoonray|Noycorp|Pro'lo|Reccuun|Procyonoth|Lotor|Prolotor|Racra,"Clever nocturnal omnivores with highly sensitive, dexterous forepaws used to feel and manipulate objects, often in water. Strong memory for solving physical puzzles.","Grey ringed-tail mammal with black bandit mask, nimble hands with long fingers handling an object; wet riverbank at night"
17,Ailuvo,Mammal,Red panda,Ailurus fulgens,rocky,Andapay|Surulia|Ai'ful|Pende|Ailuora|Fulgenz|Aifulgens|Panvo,Small arboreal mammals with dense russet fur and ringed tails. A false thumb from an extended wrist bone helps them grip stalks; they live on a low-energy plant diet.,"Small russet arboreal mammal, white face mask, ringed tail, sitting on mossy branch; cool misty bamboo-like forest"
18,Bambrel,Mammal,Giant panda,Ailuropoda melanoleuca,rocky,Adoporulia|Ai'me|Ailuiun|Melanoleuka|Bamleuca|Panbrel|Acuelonalem|Ai-Me,"Large, calm bears specialised in eating fibrous plants for most of their waking hours. Their bold black-and-white coat and pseudo-thumb are distinctive.","Round bear with patchy contrast coat in unusual colours (cream and indigo), chewing fibrous stalks; foggy mountain grove"
19,Elephar,Mammal,African elephant,Loxodonta africana,rocky,Elephantway|Atnodoxol|Lo'af|Iliphent|Loxoul|Afrikana|Ecana|Ehar,"Gigantic herbivores with a muscular prehensile trunk used for breathing, grasping and communication. They hear and send infrasound through the ground over many kilometres.","Huge grey wrinkled body, long trunk ending in two finger-lips, large fan ears with veins, tusks; dry plain"
20,Mammuth,Mammal,Woolly mammoth,Mammuthus primigenius,frozen,Ammothmay|Suhtummam|Mam'pri|Memmuth|Mammutiun|Primigeniuz|Mamgenius|Suinegimirp,"Cold-adapted giants with long shaggy coats, small ears and huge spiralling tusks used to clear snow from food. They store fat in a shoulder hump.","Massive shaggy proboscidean, long curved crossing tusks, domed head, snow sticking to fur; aurora sky"
21,Rhinokh,Mammal,White rhinoceros,Ceratotherium simum,rocky|molten,Ce'si|Rhonucirus|Ceraae|Zimum|Rhisimum|Mumis|Ke-Zi|Simumae,"Armoured grazing giants with one or more keratin horns. Their thick folded hide resists heat and abrasion, and they wallow in mud to cool off.","Barrel-bodied herbivore, plated folded hide, multiple horns in a row, wide square mouth; cracked mud flats"
22,Hippodra,Mammal,Hippopotamus,Hippopotamus amphibius,rocky|toxic,Hip'am|Hippoeen|Amfibiuz|Hipphibius|Hipra|Suibihpma|Hip-Am|Amphieth,Huge semi-aquatic herbivores that secrete a red skin fluid acting as sunscreen and antimicrobial. Despite their bulk they move fast and spend days submerged.,"Barrel body half-submerged, eyes and nostrils on top of head, enormous gaping mouth, reddish sweat sheen; murky greenish lake"
23,Kamelopar,Mammal,Giraffe,Giraffa camelopardalis,rocky,Iraffegay|Affarig|Gi'ca|Goreffi|Girafund|Kadalis|Gipar|Iraffagay,"Towering browsers with extremely long necks and legs, reaching food no other animal can. A powerful heart and special valves manage blood pressure from hoof to head.","Very tall neck, patchwork tessellated coat, ossicone horns, long dark tongue; tall alien trees with crowns high up"
24,Okavi,Mammal,Okapi,Okapia johnstoni,rocky,Okapiway|Aipako|O'joh|Ukepo|Okaae|Johnztoni|Onstoni|Inotsnhoj,Shy forest browsers with velvety dark coats and striped hindquarters. A long flexible tongue strips leaves and cleans their large ears.,"Short-necked giraffid, chocolate body, zebra-striped legs, large ears; dark rainforest understory"
25,Dromeka,Mammal,Dromedary camel,Camelus dromedarius,molten,Amelcay|Sulemac|Ca'dro|Cemil|Cameund|Dromedariuz|Drodarius|Caka,Desert survivors that tolerate extreme dehydration and body temperature swings. A fat hump serves as an energy reserve and their nostrils close against sandstorms.,"Long-legged humped ungulate, long eyelashes, splayed padded feet, heat-haze; black glassy volcanic desert"
26,Lamuun,Mammal,Llama,Lama glama,rocky|frozen,Amallay|Amal|La'gla|Lleme|Lamaul|Glama|Laglama|Llamuun,High-altitude herbivores with blood that binds oxygen efficiently in thin air. They have dense insulating wool and spit stomach contents when annoyed.,"Long-necked woolly camelid, banana-shaped ears, thick fleece, calm expression; thin-atmosphere plateau"
27,Cervath,Mammal,Red deer,Cervus elaphus,rocky,Eerday|Suvrec|Cer'e|Diir|Cervusos|Elafuz|Cerlaphus|Deervath,Graceful herbivores whose males regrow large branching antlers each year. Seasonal roaring contests and keen hearing define their behaviour.,"Elegant deer, enormous branching antlers with velvet, reddish-brown coat; misty heath"
28,Rangithi,Mammal,Reindeer,Rangifer tarandus,frozen,Eindeerray|Refignar|Ran'ta|Riondiir|Rangiesh|Taranduz|Ranrandus|Reinhi,Migratory cold-world herbivores whose eyes shift colour seasonally to see in long darkness. Both sexes grow antlers and wide hooves dig through snow to reach lichen.,"Stocky deer with broad antlers, thick pale fur, wide hooves, frosted breath; endless snowfield at twilight"
29,Bisonne,Mammal,American bison,Bison bison,rocky,Isonbay|Nosib|Bi'bi|Bosun|Bisoniun|Bizon|Bibison|Bine,Heavy grazing herbivores with a towering shoulder hump and thick mane. They move in vast herds and face into storms with their dense head fur.,"Massive humped bovine, shaggy front half, short horns, small eyes; windswept grassland"
30,Ovimos,Mammal,Muskox,Ovibos moschatus,frozen,Uskoxmay|Sobivo|O'mos|Maskux|Ovieth|Mozkhatuz|Ochatus|Musmos,Ice-age grazers with a floor-length coat and ultra-fine underwool. When threatened they form a defensive ring with horns facing outward.,"Low shaggy bovine, long skirt-like coat, horns sweeping down then up; blizzard"
31,Capreth,Mammal,Alpine ibex,Capra ibex,rocky|frozen,Ibexway|Arpac|Cap'i|Obix|Capraak|Ibeks|Capibex|Ireth,Sure-footed climbers with soft-centred hooves that grip near-vertical rock. Males carry long ridged backward-curving horns.,Goat with huge ridged backswept horns balancing on sheer cliff face; thin cold air
32,Equinar,Mammal,Horse,Equus ferus,rocky,Orsehay|Suuqe|Hursi|Equusari|Feruz|Eferus|Hornar|Suref,"Fast, long-legged grazers built for running on a single hoofed toe per leg. Highly social with expressive ears and a wide field of vision.","Muscular single-hoofed runner, flowing mane, wide-set eyes; open plain"
33,Zebrun,Mammal,Plains zebra,Equus quagga,rocky,Ebrazay|E'quag|Zibre|Equusund|Kwagga|Zebquagga|Aggauq|Equusway,Striped grazing equids that move in large herds. The dazzling stripe pattern confuses biting pests and predators.,"Equid with bold geometric stripes in alien colours, upright mane; golden savanna"
34,Suidra,Mammal,Wild boar,Sus scrofa,rocky|toxic,Oarbay|Sus'scro|Buer|Susyr|Zkrofa|Suidscrofa|Boarra|Aforcs,"Tough, intelligent omnivores that root through soil with a disc-shaped snout. Tusks double as weapons and tools; extremely tolerant of poor food.","Bristly boar with upturned tusks, flat snout disc, wedge-shaped body; muddy forest"
35,Tapiro,Mammal,Malayan tapir,Tapirus indicus,rocky,Apirtay|Suripat|Ta'in|Tepor|Tapiund|Indikuz|Tadicus|Taro,Placid forest herbivores with a short prehensile snout. Their contrasting two-tone coat breaks up their outline in moonlight.,"Rounded body, black front and rear with white saddle, short trunk-like snout; moonlit jungle"
36,Gorrun,Mammal,Western gorilla,Gorilla gorilla,rocky,Orillagay|Allirog|Go'go|Gurolle|Gorilos|Gorilla|Gorrilla|Gorun,"Large, powerful primates that move on knuckles and eat vast amounts of vegetation. Mature males develop silver back fur.","Massive great ape, broad chest, silver back saddle, deep-set eyes; dense green foliage"
37,Pongari,Mammal,Bornean orangutan,Pongo pygmaeus,rocky,Ognop|Pon'pyg|Urengaten|Pongoeth|Pygmaeuz|Ponpygmaeus|Sueamgyp|Ongopay,Arboreal great apes with very long arms and grasping feet. Mature males grow large cheek pads and throat sacs used for long calls.,"Shaggy orange ape, extremely long arms, flanged cheek pads, hanging from vines; canopy"
38,Bonovi,Mammal,Bonobo,Pan paniscus,rocky,Onobobay|Pan'pa|Bunubu|Panund|Panizkuz|Boniscus|Bovi|Sucsinap,Slender great apes with flexible social bonds and expressive faces. Frequent upright walking frees their hands for carrying.,"Slim dark-furred ape, parted head hair, pink lips, upright stance; riverside forest"
39,Mandrel,Mammal,Mandrill,Mandrillus sphinx,rocky|toxic,Andrillmay|Sullirdnam|Man'sphinx|Mendroll|Mandrilund|Zfinks|Mansphinx|Xnihps,Large ground-dwelling primates with vividly coloured faces and rumps that intensify with health. Long canines and cheek pouches for food storage.,"Primate with ridged blue-and-red face, golden beard, long fangs; humid jungle floor"
40,Lemuri,Mammal,Ring-tailed lemur,Lemur catta,rocky,Emurlay|Rumel|Le'cat|Limar|Lemurak|Katta|Lecatta|Leri,"Agile, sun-basking primates with long banded tails used for balance and scent signalling. Large reflective eyes and a fox-like face.","Grey primate with long black-and-white ringed tail, orange eyes, sunbathing pose; dry forest"
41,Daubeth,Mammal,Aye-aye,Daubentonia madagascariensis,rocky,Ayeway|Ainotnebuad|Dau'ma|Daubenae|Dauriensis|Ayebeth|Dau-Ma|Madaund,"Nocturnal primates with an elongated, thin middle finger used to tap wood and extract grubs. Continuously growing incisors and huge sensitive ears.","Gaunt primate, bat-like ears, huge eyes, skeletal long middle finger, shaggy dark fur; night"
42,Tarsev,Mammal,Tarsier,Carlito syrichta,rocky,Arsiertay|Otilrac|Car'sy|Tersoir|Carliiun|Zyrikhta|Tarrichta|Athcirys,Tiny insectivorous primates with each eye larger than their brain. They can rotate their heads almost fully and leap many times their body length.,"Tiny primate clinging to branch, gigantic round eyes, long thin fingers with pads; dark forest"
43,Slothri,Mammal,Three-toed sloth,Bradypus variegatus,rocky|gas_giant,Othslay|Supydarb|Bra'va|Sluth|Bradyesh|Variegatuz|Slotgatus|Slothhri,Extremely slow-moving herbivores that spend nearly their whole lives hanging upside down. Their fur hosts algae colonies that provide camouflage.,"Hanging mammal with long curved claws, green-tinted algae fur, sleepy smile; on gas giants depict clinging to floating vine mats"
44,Myrmek,Mammal,Giant anteater,Myrmecophaga tridactyla,rocky,Anteaterway|Myr'tri|Entietir|Tridaktyla|Myrtyla|Anmek|Alytcadirt|Myr-Tri,Toothless insectivores with a tube-like snout and a sticky tongue that flicks many times per second. Huge foreclaws tear open insect mounds.,"Long tubular head, bushy flag tail, diagonal stripe on shoulder, curled claws; termite mounds"
45,Armadox,Mammal,Nine-banded armadillo,Dasypus novemcinctus,molten|rocky,Supysad|Da'no|Ermedollu|Dasyiun|Arcinctus|Ardox|Asypusday|Da-No,Burrowing mammals with flexible bony armour bands. They can hold their breath to cross rivers on the bottom and dig rapidly.,"Armour-banded mammal with pointed ears and snout, scaly tail; cracked hot earth"
46,Pangoli,Mammal,Sunda pangolin,Manis javanica,rocky|molten,Angolinpay|Sinam|Ma'ja|Pengulon|Maniseen|Javanika|Pannica|Panli,Scaled insectivores covered in overlapping keratin plates. They roll into a tight armoured ball and use a very long tongue anchored near the pelvis.,"Body covered in overlapping bronze scales like pinecone, curled tail, tiny head; dusk"
47,Ornithar,Mammal,Platypus,Ornithorhynchus anatinus,toxic|rocky,Atypusplay|Pletypas|Ornitith|Anatinuz|Ortinus|Plahar|Sunitana|Anaos,Egg-laying semi-aquatic mammals with an electroreceptive bill to sense prey in murky water. Males have venomous ankle spurs.,"Duck-billed furry mammal, flat tail, webbed feet, glowing sensory bill; dark toxic stream"
48,Echidra,Mammal,Short-beaked echidna,Tachyglossus aculeatus,rocky|molten,Echidnaway|Tac'a|Ichodne|Tachygae|Akuleatuz|Ecleatus|Ecra|Sutaeluca,Spiny egg-laying insectivores with a slender electroreceptive snout. They have low body temperature and can dig straight down to vanish.,"Spiny round body, tube snout, powerful digging claws; red desert soil"
49,Macropa,Mammal,Red kangaroo,Osphranter rufus,rocky|molten,Angarookay|Retnarhpso|Os'ru|Kengeruu|Osphraneth|Rufuz|Macrufus|Kanpa,"Bounding marsupials that move by hopping on powerful hind legs, using elastic tendons to save energy. Young develop in a pouch.","Upright hopping marsupial, huge hind feet, thick tail, joey in pouch; red heat-shimmer outback"
50,Koalun,Mammal,Koala,Phascolarctos cinereus,toxic|rocky,Oalakay|Phas'ci|Kuele|Phascoari|Kinereuz|Koanereus|Suerenic|Faz-Ki,Tree-dwelling marsupials whose specialised gut detoxifies foliage poisonous to most animals. They sleep most of the day to conserve energy.,"Fluffy grey marsupial gripping a tree, large leathery nose, round ears; trees with toxic-green leaves in haze"
51,Wombrak,Mammal,Common wombat,Vombatus ursinus,rocky,Ombatway|Sutabmov|Vom'ur|Wumbet|Vombaeen|Urzinuz|Womsinus|Sunisru,Barrel-shaped burrowing marsupials with a backward-facing pouch and a hard rump used to block tunnels. They produce cube-shaped droppings.,"Stout low marsupial, tiny eyes, wide blunt head, digging claws; burrow entrance"
52,Sarcoph,Mammal,Tasmanian devil,Sarcophilus harrisii,rocky,Evilday|Sulihpocras|Sar'har|Divol|Sarcopiun|Harrizii|Sarrisii|Decoph,Stocky carnivorous marsupials with one of the strongest bites relative to size. Loud screeching contests occur over carcasses.,"Black stocky marsupial, white chest band, red ears when agitated, gaping jaws; night scrub"
53,Petaura,Mammal,Sugar glider,Petaurus breviceps,gas_giant|rocky,Iderglay|Suruatep|Pe'bre|Glodir|Petauora|Brevikepz|Peviceps|Glira,Small gliding marsupials with a skin membrane stretched between limbs. On low-gravity or dense-air worlds they glide vast distances feeding on sap.,"Tiny big-eyed glider, membrane spread, dorsal stripe, gliding between floating platforms"
54,Chiropt,Mammal,Large flying fox,Pteropus vampyrus,gas_giant|rocky,Yingflay|Suporetp|Pte'vam|Flyong|Pteroiun|Vampyruz|Chipyrus|Flyingropt,Large fruit-eating bats with metre-plus wingspans and keen vision. They roost hanging in huge colonies and fly long distances at night.,"Bat with fox-like face, leathery wings spread wide, roosting upside down in floating colony"
55,Desmovi,Mammal,Vampire bat,Desmodus rotundus,gas_giant|toxic,Ampirevay|Sudomsed|Des'ro|Vempori|Desmoora|Rotunduz|Destundus|Vamvi,Small blood-feeding bats with heat-sensing nose pits and anticoagulant saliva. They can walk and run on the ground with folded wings.,"Small pug-nosed bat, pointed ears, sharp incisors, infrared glow on nose; dark cavern"
56,Talpex,Mammal,Star-nosed mole,Condylura cristata,rocky|frozen,Olemay|Arulydnoc|Con'cris|Muli|Condyund|Kriztata|Taltata|Mopex,Burrowing insectivores with a ring of 22 fleshy tentacles on the nose packed with touch receptors. They can smell underwater by blowing bubbles.,"Dark velvety mole, pink star-shaped tentacle nose, huge shovel paws; wet soil tunnel"
57,Heterok,Mammal,Naked mole-rat,Heterocephalus glaber,molten|toxic,Akednay|He'gla|Nekid|Heteix|Glaber|Heglaber|Narok|Rebalg,"Hairless, nearly blind burrowers that live in colonies with a single breeding female. They survive minutes without oxygen, feel little pain from acids, and rarely develop age-related decline.","Wrinkled pink hairless rodent, protruding front teeth, tiny eyes, in narrow hot tunnels"
58,Castori,Mammal,North American beaver,Castor canadensis,rocky|frozen,Eaverbay|Rotsac|Cas'ca|Bievir|Castorul|Kanadenziz|Casdensis|Beari,"Semi-aquatic engineers that fell trees and build dams and lodges, reshaping waterways. Iron-reinforced orange teeth and a flat paddle tail.","Stout rodent, orange incisors, scaly paddle tail, building lodge of sticks; icy pond"
59,Hystrel,Mammal,Crested porcupine,Hystrix cristata,rocky,Orcupinepay|Xirtsyh|Hys'cris|Purcaponi|Hystrixeen|Hystata|Portrel|Atatsirc,Rodents armed with long barbed quills that detach on contact. They rattle hollow tail quills as a warning.,"Rodent with crest of very long banded quills raised, rattling tail; rocky scrub night"
60,Lepor,Mammal,Arctic hare,Lepus arcticus,frozen,Arehay|Supel|Le'ar|Heri|Lepuseth|Arktikuz|Lecticus|Hapor,Large hares with dense white coats and short ears to save heat. They gather in groups and run upright on hind legs when alarmed.,"White hare with black ear tips, upright run, thick fur; snowfield"
61,Hydrochar,Mammal,Capybara,Hydrochoerus hydrochaeris,rocky,Apybaracay|Hyd'hyd|Cepybere|Hydroceth|Hydhaeris|Cahar|Hyd-Hyd|Hydrocani,"The largest rodents of their homeworld, semi-aquatic grazers with webbed toes. Extremely tolerant of other species sitting on or near them.","Large calm rodent, barrel body, blunt face, small birds perched on back; marsh"
62,Chinchar,Mammal,Chinchilla,Chinchilla lanigera,rocky|frozen,Allihcnihc|Chin'la|Choncholle|Chinchileen|Lanigera|Chingera|Areginal|Khin-La,Small mountain rodents with extraordinarily dense fur that resists parasites. They bathe in volcanic dust to clean their coats.,"Small round grey rodent, huge ears, enormous fluffy fur, dust bathing; high cold mountains"
63,Erinak,Mammal,European hedgehog,Erinaceus europaeus,rocky|molten,Edgehoghay|Suecanire|Hidgihug|Eriiun|Europaeuz|Eropaeus|Hednak|Sueaporue,Small insectivores covered in spines that roll into a ball. They anoint their spines with foamy saliva after encountering new scents.,"Spiny round mammal, pointed snout, tiny legs; leaf litter"
64,Sorexi,Mammal,Etruscan shrew,Suncus etruscus,molten|rocky,Ewshray|Sucnus|Sun'et|Shriw|Suncusari|Etruzkuz|Soruscus|Shrewxi,"Among the smallest mammals, with a heartbeat over 1,000 per minute. Constant feeding fuels a ferocious metabolism; they hunt prey nearly their size.","Tiny shrew with long whiskers, pointed snout; magnified scale next to pebbles, heat-shimmer"
65,Orcinar,Mammal,Orca,Orcinus orca,frozen,Orcaway|Sunicro|Or'or|Urce|Orciiun|Orka|Ororca|Ornar,Large toothed marine predators living in long-lived family pods with distinct hunting techniques and vocal dialects. Echolocation lets them hunt under ice.,"Black-and-white cetacean with tall dorsal fin, eye patch; breaching through ice hole"
66,Balaenor,Mammal,Blue whale,Balaenoptera musculus,gas_giant|frozen,Alewhay|Ba'mus|Wheli|Balaeith|Muzkuluz|Baculus|Whanor|Sulucsum,"The largest animals ever known, filtering tiny drifting organisms through baleen plates. Their calls travel across entire oceans; on gas giants imagine them grazing floating plankton clouds.","Colossal streamlined filter-feeder with throat pleats, mottled blue-grey; swimming through gas giant cloud bands"
67,Physeter,Mammal,Sperm whale,Physeter macrocephalus,frozen|gas_giant,Retesyhp|Phy'mac|Physeoth|Phyhalus|Whater|Yseterphay|Fy-Mak|Macroesh,Deep-diving predators with a massive box-shaped head containing a sound-focusing organ. They dive into crushing dark depths to hunt giant cephalopods.,"Huge blocky head, wrinkled skin, narrow lower jaw, scars from tentacles; dark abyss"
68,Monodar,Mammal,Narwhal,Monodon monoceros,frozen,Arwhalnay|Nodonom|Mo'mo|Nerwhel|Monound|Monokeroz|Moceros|Nardar,Arctic whales whose males grow a single spiralling sensory tusk up to three metres long. They dive deep beneath pack ice.,"Mottled grey whale with long spiral tusk, no dorsal fin; under ice ceiling with light shafts"
69,Delphix,Mammal,Bottlenose dolphin,Tursiops truncatus,frozen|rocky,Olphinday|Spoisrut|Tur'trun|Dulphon|Tursiopseth|Trunkatuz|Delcatus|Dolphix,Agile marine mammals with sophisticated echolocation and signature whistles serving as individual names. They sleep with one brain hemisphere at a time.,"Sleek grey dolphin, curved smile, leaping; bright ocean"
70,Odobra,Mammal,Walrus,Odobenus rosmarus,frozen,Alrusway|Sunebodo|O'ros|Welras|Odoae|Rozmaruz|Omarus|Walra,Large blubbery marine mammals with long tusks used to haul out onto ice. Sensitive whiskers detect shellfish on dark sea floors.,"Wrinkled brown pinniped, long ivory tusks, thick bristly moustache, hauled out on ice floe"
71,Leptonyx,Mammal,Leopard seal,Hydrurga leptonyx,frozen,Ealsay|Agrurdyh|Hyd'lep|Siel|Hydrurae|Leptonyks|Sealnyx|Xynotpel,"Sleek, solitary predatory seals with a reptilian head and wide gape. They hunt along ice edges and filter krill with interlocking teeth.","Long spotted seal, huge reptile-like head, wide grin; ice edge"
72,Manatho,Mammal,West Indian manatee,Trichechus manatus,rocky|gas_giant,Anateemay|Suhcehcirt|Tric'ma|Menetii|Trichecul|Manatuz|Manatus|Maho,"Slow, gentle aquatic herbivores with paddle tails and dense bones for buoyancy control. They graze submerged plants for hours.","Rotund grey sirenian, paddle tail, whiskered snout; drifting through warm green water or dense lower cloud layers"
73,Aquilor,Bird,Golden eagle,Aquila chrysaetos,gas_giant|rocky,Eagleway|Aliuqa|A'chry|Iegli|Aquiak|Khryzaetoz|Asaetos|Eaglor,Large raptors with telescopic vision able to spot prey kilometres away. Powerful talons and soaring flight on thermals let them patrol enormous ranges.,"Broad-winged raptor, golden nape feathers, hooked beak, intense eyes; soaring over cloud canyons"
74,Harpyon,Bird,Harpy eagle,Harpia harpyja,rocky,Aiprah|Har'har|Harpiaora|Harpyja|Eagpyon|Ajyprah|Arpiahay|Har-Har,Heavy forest eagles with talons as large as a bear's claws. A facial disc of feathers funnels sound to locate prey in dense canopy.,"Grey crested eagle with double head crest, massive yellow legs and talons; rainforest canopy"
75,Peregrin,Bird,Peregrine falcon,Falco peregrinus,gas_giant|rocky,Alconfay|Oclaf|Fal'pe|Felcun|Falcoesh|Peregrinuz|Perinus|Falrin,"The fastest diving animals of their homeworld, stooping at over 300 km/h. Nostril baffles regulate air pressure during dives.","Slate-backed falcon with dark moustache marks, tucked-wing dive; streaked sky"
76,Strixa,Bird,Snowy owl,Bubo scandiacus,frozen,Owysnay|Obub|Bu'scan|Snuwy|Bubound|Zkandiakuz|Stridiacus|Snoxa,Large white owls hunting in perpetual daylight or night of polar regions. Feathered feet and dense plumage resist extreme cold.,"White owl with black flecks, yellow eyes, feathered talons; snow under aurora"
77,Tytora,Bird,Barn owl,Tyto alba,rocky,Arnbay|Otyt|Ty'al|Bern|Tytoeen|Alba|Tyalba|Barnra,Silent nocturnal hunters with a heart-shaped facial disc and asymmetric ears that locate prey in total darkness by sound alone.,"Pale owl with heart-shaped white face, dark eyes, fringed wing feathers; ruins at night"
78,Corvane,Bird,Common raven,Corvus corax,rocky|frozen,Avenray|Suvroc|Cor'co|Revin|Corvusul|Koraks|Corcorax|Rane,"Large, highly intelligent corvids that solve multi-step puzzles, plan ahead and recognise individual faces. Acrobatic fliers with wide vocal range.","Glossy black bird with iridescent sheen, shaggy throat feathers, heavy beak; cold cliffs"
79,Psittar,Bird,Hyacinth macaw,Anodorhynchus hyacinthinus,rocky,Acawmay|A'hya|Mecew|Anooth|Psitthinus|Matar|A-Hya|Hyacinoth,Large parrots with a beak strong enough to crack the hardest nuts. Lifelong pair bonds and loud far-carrying calls.,"Cobalt blue parrot, yellow eye-ring and beak base, huge curved beak; palm forest"
80,Kakapu,Bird,Kakapo,Strigops habroptilus,rocky,Akapokay|Spogirts|Stri'hab|Kekepu|Strigopsund|Habroptiluz|Katilus|Kapu,"Flightless, heavy nocturnal parrots with moss-green plumage and a strong sweet scent. They climb trees and boom loudly in breeding season.","Plump moss-green owl-faced parrot, whiskery face, climbing; mossy dark forest"
81,Cacatoo,Bird,Sulphur-crested cockatoo,Cacatua galerita,rocky|toxic,Ockatoocay|Autacac|Ca'ga|Cucketuu|Cacaari|Galerita|Carita|Coctoo,"Raucous, long-lived parrots with an erectile crest used in display. Tough beaks shred wood; tolerant of mineral-rich diets.","White parrot raising a sulphur-yellow crest, dark beak; yellow haze"
82,Aptenor,Bird,Emperor penguin,Aptenodytes forsteri,frozen,Enguinpay|Setydonetpa|Ap'for|Pingaon|Apteari|Forzteri|Apsteri|Pennor,Large flightless divers that breed on open ice in extreme cold. They huddle in rotating masses to share warmth and dive hundreds of metres.,"Upright penguin with golden ear patches, sleek black back; huddle on ice shelf under dim sun"
83,Diomed,Bird,Wandering albatross,Diomedea exulans,gas_giant|frozen,Aedemoid|Dio'e|Elbetruss|Diomeeth|Eksulanz|Dioxulans|Almed|Snaluxe,Ocean wanderers with the largest wingspan of any living bird. Dynamic soaring lets them travel thousands of kilometres with almost no flapping.,"Huge white seabird, extremely long narrow wings, gliding over storm swells or cloud waves"
84,Pelecar,Bird,Great white pelican,Pelecanus onocrotalus,rocky,Elicanpay|Sunacelep|Pilocen|Peleora|Onokrotaluz|Petalus|Pecar|Sulatorcono,"Large waterbirds with a stretchy throat pouch used as a fishing net. They fish cooperatively, herding prey into shallows.",Large white bird with giant expandable bill pouch; shallow lake
85,Phoenik,Bird,Greater flamingo,Phoenicopterus roseus,toxic|molten,Amingoflay|Phoe'ro|Flemongu|Phoeniyr|Rozeuz|Phoeroseus|Flanik|Suesor,Wading filter-feeders that thrive in caustic alkaline lakes where little else survives. Pigments from their diet turn feathers pink.,"Long-legged pink wader, bent bill upside down filtering; steaming caustic lake with crusted salts"
86,Struthon,Bird,Ostrich,Struthio camelus,molten|rocky,Ostrichway|Oihturts|Strut'ca|Ustroch|Struthioeth|Kameluz|Strutmelus|Oshon,"The largest living birds, flightless sprinters with two-toed feet and powerful kicks. Tolerate high temperatures and long periods without water.","Giant flightless bird, long bare neck, fluffy plumes, two-toed legs running; scorching plain"
87,Casuar,Bird,Southern cassowary,Casuarius casuarius,rocky,Assowarycay|Suirausac|Ca'ca|Cessuwery|Casuaund|Kazuariuz|Casuarius|Cassuar,Large flightless forest birds with a helmet-like casque and dagger-like inner claws. Deep booming calls travel through dense vegetation.,"Black-feathered bird with blue neck, red wattles, tall horn casque, dagger claw; jungle"
88,Apteryn,Bird,North Island brown kiwi,Apteryx mantelli,rocky,Iwikay|Xyretpa|Ap'man|Kowo|Apteul|Mantelli|Aptelli|Kiryn,Small flightless nocturnal birds with nostrils at the bill tip for smelling prey underground. They lay enormous eggs relative to body size.,"Round fuzzy brown bird, long thin bill, no visible wings; dark forest floor"
89,Pavora,Bird,Indian peafowl,Pavo cristatus,rocky,Eafowlpay|Ovap|Pa'cris|Piefuwl|Pavoul|Kriztatuz|Patatus|Peara,Ground birds whose males display an enormous fan of eye-spotted train feathers. Loud calls warn of predators.,Iridescent blue bird fanning huge eye-spot train; garden in alien sunlight
90,Trochil,Bird,Anna's hummingbird,Calypte anna,gas_giant|rocky,Etpylac|Ca'an|Hammongbord|Calypoth|Anna|Trocanna|Humhil|Alyptecay,Tiny hovering nectar-feeders with wings beating dozens of times per second. They enter nightly torpor to save energy.,"Tiny iridescent bird hovering at alien flower, blurred wings, needle bill"
91,Bucerov,Bird,Great hornbill,Buceros bicornis,rocky,Ornbillhay|Sorecub|Bu'bi|Hurnboll|Buceix|Bikorniz|Bucornis|Horrov,Large forest birds with an enormous curved bill topped by a hollow casque. Females seal themselves in tree cavities while nesting.,Black-and-white bird with huge yellow bill and casque; tall forest
92,Ramphar,Bird,Toco toucan,Ramphastos toco,rocky,Oucantay|Sotsahpmar|Ram'to|Tuacen|Ramphasund|Toko|Ramtoco|Touphar,"Fruit-eating birds with a huge, lightweight bill that also radiates body heat. Bright colouring and agile hopping through branches.","Black bird with giant orange bill, white throat, blue eye-ring; canopy"
93,Paradis,Bird,Raggiana bird-of-paradise,Paradisaea raggiana,rocky|gas_giant,Aradisepay|Aeasidarap|Pa'rag|Peredosi|Paraesh|Raggiana|Pagiana|Padis,Forest birds whose males perform elaborate dances with cascading plumes. On gas giants their flowing plumes act as drift sails.,"Bird with cascading red-orange plumes, display posture; floating canopy"
94,Menuro,Bird,Superb lyrebird,Menura novaehollandiae,rocky,Yrebirdlay|Arunem|Me'no|Lyribord|Menuyr|Melandiae|Lyro|Enuramay,Ground birds that mimic almost any sound they hear with uncanny accuracy. Males fan a lyre-shaped tail in display.,Brown bird with fanned silvery lyre-shaped tail; ferny gully
95,Gyparr,Bird,Bearded vulture,Gypaetus barbatus,molten|rocky,Ulturevay|Suteapyg|Gy'bar|Valtari|Gypaeak|Barbatuz|Gybatus|Vulparr,"Large mountain vultures that live mainly on bone, dropping bones from height to crack them. They stain feathers with iron-rich mud.","Vulture with rust-orange stained chest, black beard bristles, red eye ring; volcanic cliffs"
96,Sagittar,Bird,Secretary bird,Sagittarius serpentarius,molten|rocky,Irdbay|Suirattigas|Sa'ser|Bord|Sagitoth|Satarius|Birdtar|Za-Zer,Long-legged terrestrial raptors that stomp prey with rapid powerful kicks. Quill-like head crest and long eyelashes.,"Tall raptor on stilt legs, quill crest, orange face, kicking pose; dry grassland"
97,Cygnara,Bird,Mute swan,Cygnus olor,rocky|frozen,Answay|Sungyc|Cyg'o|Swen|Cygnusesh|Olor|Cygolor|Swanra,Large waterbirds with long curved necks and strong pair bonds. Powerful wings and defensive behaviour at nests.,"White swan with S-curved neck, orange bill with black knob; misty cold lake"
98,Grusal,Bird,Red-crowned crane,Grus japonensis,rocky|frozen,Anecray|Surg|Grus'ja|Creni|Grusesh|Japonenziz|Grunensis|Crasal,Tall cranes performing synchronized leaping dances. Bare red crown skin and loud bugling calls.,"Tall white crane with black neck, red crown patch, dancing; snowy marsh"
99,Ardeon,Bird,Shoebill,Balaeniceps rex,toxic|rocky,Oebillshay|Specinealab|Ba'rex|Shuiboll|Balaeae|Reks|Arrex|Shoedeon,Massive swamp birds with a shoe-shaped bill used to ambush large prey. They stand motionless for hours in oxygen-poor marshes.,"Grey bird with enormous clog-shaped bill, staring eyes; murky swamp"
100,Apodi,Bird,Common swift,Apus apus,gas_giant,Iftsway|Supa|Swoft|Apusund|Apuz|Aapus|Swiftdi|Apusway,"Aerial birds that may stay airborne for months without landing, eating, drinking and sleeping on the wing. Ideal for endless cloud worlds.","Sooty crescent-winged bird, tiny feet, mid-flight; endless cloud layers"
101,Fregat,Bird,Magnificent frigatebird,Fregata magnificens,gas_giant,Atagerf|Fre'mag|Frogetibord|Fregaeth|Magnifikenz|Freficens|Frigat|Snecifingam,Seabirds with huge wing-to-weight ratio that ride updrafts for weeks. Males inflate a red throat sac in display.,Black angular-winged bird with inflated red throat pouch; storm sky
102,Fratera,Bird,Atlantic puffin,Fratercula arctica,frozen,Uffinpay|Alucretarf|Fra'ar|Paffon|Fraterul|Arktika|Fractica|Pufra,Compact diving birds that 'fly' underwater and nest in burrows. Brightly banded bill holds many small fish at once.,Black-and-white bird with striped colourful bill holding fish; icy coastal cliff
103,Lagopus,Bird,Rock ptarmigan,Lagopus muta,frozen,Armiganptay|Supogal|La'mu|Ptermogen|Lagoith|Muta|Lamuta|Ptarpus,Cold-adapted ground birds that moult between white and mottled plumage. Feathered feet act as snowshoes.,Round white grouse with feathered feet and red eye comb; snow
104,Picoid,Bird,Black woodpecker,Dryocopus martius,rocky,Supocoyrd|Dryo'mar|Wuudpickir|Dryocoari|Martiuz|Pimartius|Woodcoid|Suitram,Birds that hammer wood with shock-absorbing skulls and a tongue that wraps around the brain. Drumming patterns carry over distance.,"Black bird with red crown, chisel beak, clinging to trunk"
105,Megapod,Bird,Malleefowl,Leipoa ocellata,molten,Aopiel|Lei'o|Melliifuwl|Leipoaos|Okellata|Melata|Malpod|Atalleco,"Ground birds that incubate eggs in mounds heated by decomposition or geothermal warmth, testing temperature with their beaks.",Mottled bird tending a large mound with steam vents; volcanic ground
106,Pitohu,Bird,Hooded pitohui,Pitohui dichrous,toxic,Itohuipay|Iuhotip|Pi'dic|Potuhao|Pitoak|Dikhrouz|Pidichrous|Pihu,Songbirds that store potent neurotoxins in skin and feathers from their diet. Bright orange and black colouring warns predators.,"Orange and black songbird, faint toxic shimmer on feathers; humid forest"
107,Steatorn,Bird,Oilbird,Steatornis caripensis,rocky|gas_giant,Oilbirdway|Sinrotaets|Stea'ca|Uolbord|Steatoryr|Karipenziz|Steapensis|Oiltorn,Nocturnal cave-dwelling fruit-eaters that navigate darkness by audible echolocation clicks. Chicks become heavier than adults due to fat stores.,"Reddish-brown bird with hooked bill, spotted wings, in dark cavern"
108,Ptilon,Bird,Satin bowerbird,Ptilonorhynchus violaceus,rocky,Owerbirdbay|Pti'vio|Buwirbord|Ptilound|Violakeuz|Ptilaceus|Bolon|Suecaloiv,Birds whose males build elaborate decorated structures of collected colourful objects to attract mates.,Glossy blue-black bird with violet eyes beside a bower decorated with blue objects
109,Cuculus,Bird,Common cuckoo,Cuculus canorus,rocky|gas_giant,Uckoocay|Sulucuc|Cu'ca|Cackuu|Cucuund|Kanoruz|Cunorus|Cuclus,"Brood parasites that lay eggs in other species' nests, with eggs mimicking the host's. Long migratory flights.",Grey hawk-like bird with barred chest; on branch
110,Archaeo,Bird,Archaeopteryx,Archaeopteryx lithographica,rocky,Ar'lit|Archaeopesh|Arhica|Ar-Lit|Lithogae|Arryx|Archaeopul|Ar'chaeo,"Feathered transitional animals with teeth, wing claws and a long bony tail. Capable of gliding and short flapping flight.","Feathered raptor-bird with teeth, clawed wings, long feathered tail"
111,Opisthon,Bird,Hoatzin,Opisthocomus hoazin,toxic|rocky,Oatzinhay|O'hoa|Huetzon|Opisiun|Hoazin|Ohoazin|Hoatthon|Nizaoh,"Leaf-eating birds that ferment toxic foliage in a crop, giving them a strong smell. Chicks have wing claws to climb.","Brown bird with spiky crest, blue face skin, red eyes; swampy forest"
112,Sterna,Bird,Arctic tern,Sterna paradisaea,frozen|gas_giant,Erntay|Anrets|Ster'pa|Tirn|Sternaos|Paradizaea|Sterdisaea|Ternna,"Small seabirds with the longest migrations known, following perpetual daylight between poles. Agile hovering divers.","White tern with black cap and red bill, forked tail; polar sky"
113,Phalaco,Bird,Great cormorant,Phalacrocorax carbo,rocky,Ormorantcay|Pha'car|Curmurent|Phalacak|Karbo|Phacarbo|Corco|Obrac,"Diving birds that hunt underwater, then stand with wings spread to dry because their feathers are less waterproof.",Black bird with hooked bill spreading wings on rock
114,Dodu,Bird,Dodo,Raphus cucullatus,rocky,Ododay|Suhpar|Rap'cu|Dudu|Raphusund|Kukullatuz|Dolatus|Sutallucuc,Large flightless ground birds with a heavy hooked bill and stubby wings. Adapted to predator-free island ecosystems.,"Plump grey flightless bird with big hooked bill, tufted tail"
115,Dinorn,Bird,Giant moa,Dinornis robustus,rocky|frozen,Iantgay|Sinronid|Di'ro|Goent|Dinorix|Robuztuz|Dibustus|Giantnorn,Huge wingless browsers standing several metres tall. Thick plumage suited to cool climates.,"Giant wingless bird with long neck, hair-like feathers; cold forest"
116,Varanok,Reptile,Komodo dragon,Varanus komodoensis,molten|rocky,Agondray|Sunarav|Va'ko|Dregun|Varaari|Komodoenziz|Vadoensis|Dranok,"The largest lizards, ambush predators with serrated teeth and venom that prevents blood clotting. Forked tongue tastes the air over long distances.","Huge monitor lizard, forked yellow tongue, scaly armour-like hide; volcanic island"
117,Crocodar,Reptile,Saltwater crocodile,Crocodylus porosus,rocky|toxic,Ocodilecray|Sulydocorc|Cro'po|Crucudoli|Crocound|Porozuz|Crorosus|Crodar,Huge armoured ambush predators with a bite force among the strongest known. Can stay submerged for long periods in murky water.,"Heavily scaled crocodilian, eyes above water line, broad snout; murky green water"
118,Gavial,Reptile,Gharial,Gavialis gangeticus,rocky,Arialghay|Silaivag|Ga'gan|Gheroel|Gaviaari|Gangetikuz|Gaticus|Ghavial,Long-snouted crocodilians specialised for catching fish with a narrow toothed jaw. Males grow a bulbous nasal knob.,"Crocodilian with extremely narrow snout, knob on tip; sandy riverbank"
119,Chelonar,Reptile,Galápagos tortoise,Chelonoidis niger,molten|rocky,Ortoisetay|Sidionolehc|Che'ni|Turtuosi|Cheloiun|Niger|Cheniger|Tornar,"Giant, long-lived tortoises that survive a year without food or water. Shell shape varies between dome and saddle forms.","Giant tortoise, domed shell, wrinkled long neck; volcanic rocks"
120,Dermochel,Reptile,Leatherback sea turtle,Dermochelys coriacea,frozen|rocky,Urtletay|Sylehcomred|Der'co|Tartli|Dermocith|Koriakea|Derriacea|Turhel,"The largest turtles, with a flexible leathery shell. They maintain body heat in cold water and dive extremely deep.","Huge turtle with ridged leathery shell, long front flippers; cold dark ocean"
121,Macroch,Reptile,Alligator snapping turtle,Macrochelys temminckii,toxic|rocky,Sylehcorcam|Mac'tem|Macrocyr|Temminkkii|Macminckii|Turroch|Iikcnimmet|Mak-Tem,Heavy ambush turtles that lure prey with a worm-like tongue appendage. Ridged armoured shell.,"Prehistoric-looking turtle with spiked ridged shell, hooked beak, lure tongue; murky swamp"
122,Chamaeon,Reptile,Panther chameleon,Furcifer pardalis,rocky,Ameleonchay|Reficruf|Fur'par|Chemiliun|Furciae|Pardaliz|Chadalis|Siladrap,"Arboreal lizards that change skin colour through nanocrystal cells, with independently moving eyes and a ballistic tongue.","Chameleon with vivid shifting colour bands, turret eyes, curled tail; branch"
123,Iguanar,Reptile,Marine iguana,Amblyrhynchus cristatus,molten|rocky,Iguanaway|Am'cris|Ogaene|Amblyrix|Itatus|Inar|Sutatsirc|Am-Kriz,Sea-foraging lizards that graze algae and sneeze out excess salt. They bask on black lava rock to recover heat after dives.,"Black spiny iguana with salt-crusted head, basking on lava rock by surf"
124,Molochi,Reptile,Thorny devil,Moloch horridus,molten,Hcolom|Mo'hor|Molochiun|Horriduz|Moridus|Dehi|Sudirroh|Olochmay,"Small desert lizards covered in spikes, with skin channels that wick water to the mouth. A false head on the neck confuses predators.","Small spiky lizard, ochre and tan camouflage; red sand"
125,Draconi,Reptile,Flying dragon lizard,Draco volans,gas_giant|rocky,Izardlay|Ocard|Dra'vo|Lozerd|Dracoora|Volanz|Dravolans|Lini,Small lizards with extended ribs supporting gliding wing membranes. They glide between tall structures and flash a throat flag.,Small lizard with colourful rib-supported wing flaps gliding
126,Gekkor,Reptile,Tokay gecko,Gekko gecko,rocky,Eckogay|Okkeg|Gek'gec|Gicku|Gekkoos|Gekko|Gekgecko|Geckor,Agile lizards with foot pads of microscopic hairs allowing them to cling to any surface. Loud distinctive calls.,"Blue-grey gecko with orange spots, big eyes, clinging to wall"
127,Heloder,Reptile,Gila monster,Heloderma suspectum,molten|toxic,Onstermay|Amredoleh|He'sus|Munstir|Heloesh|Zuzpektum|Hepectum|Monder,"Slow venomous lizards with beaded skin. They store fat in the tail and eat rarely, surviving long dry periods.","Beaded black-and-orange lizard, thick tail; desert night"
128,Phrynos,Reptile,Texas horned lizard,Phrynosoma cornutum,molten,Amosonyrhp|Phry'cor|Phrynoeth|Kornutum|Phrynutum|Linos|Mutunroc|Fry-Kor,Flat spiky lizards that can squirt blood from their eyes to deter predators. Excellent camouflage on hot ground.,"Flat wide lizard with horn crown, pebble camouflage; hot gravel"
129,Chlamyd,Reptile,Frilled lizard,Chlamydosaurus kingii,molten|rocky,Chla'kin|Chlamyiun|Kingii|Chlakingii|Limyd|Iignik|Khla-Kin|Kingiioth,Lizards that unfurl a large neck frill and run upright on hind legs when threatened.,"Lizard with huge open neck frill, gaping mouth, bipedal run; dry woodland"
130,Basilix,Reptile,Common basilisk,Basiliscus basiliscus,rocky,Asiliskbay|Sucsilisab|Ba'ba|Besolosk|Basiari|Bazilizkuz|Baliscus|Balix,"Lizards able to sprint across water on hind legs. Males have tall crests on head, back and tail.",Green crested lizard running on water surface
131,Sphenod,Reptile,Tuatara,Sphenodon punctatus,rocky|frozen,Uataratay|Nodonehps|Sphe'pun|Taetere|Sphenoiun|Punktatuz|Sphectatus|Tuanod,"Hardy reptiles that stay active at cold temperatures, with a light-sensitive 'third eye' on the head. Extremely slow growth and long lifespan.","Lizard-like reptile with spiny crest, olive skin, small eye on forehead; cool night"
132,Ophiar,Reptile,King cobra,Ophiophagus hannah,toxic|rocky,Obracay|Sugahpoihpo|Op'han|Cubre|Ophiopyr|Hannah|Ophannah|Cobhiar,"The longest venomous snakes, which hunt other snakes. They rear up and spread a hood when threatened.",Long olive snake raised with spread hood; jungle
133,Pythora,Reptile,Reticulated python,Malayopython reticulatus,rocky,Ythonpay|Ma're|Pythun|Malayoyr|Retikulatuz|Pytlatus|Pytra|Sutaluciter,Very long constricting snakes with heat-sensing lip pits. Complex net-like pattern camouflages them.,"Huge python with geometric pattern, coiled; dense forest"
134,Crotal,Reptile,Sidewinder rattlesnake,Crotalus cerastes,molten,Sulatorc|Cro'ce|Rettlisneki|Crotayr|Keraztez|Crorastes|Rattal|Setsarec,Desert vipers that move sideways across loose hot sand. Horn-like scales over eyes and a rattle tail warning.,"Sandy viper with horned eyes, S-shaped tracks; hot dunes"
135,Dendras,Reptile,Black mamba,Dendroaspis polylepis,toxic|rocky,Ambamay|Sipsaordned|Den'po|Membe|Dendroasoth|Polylepiz|Denlepis|Mamdras,"Extremely fast, highly venomous snakes. The inside of the mouth is inky black, shown as a threat display.",Slender grey snake with open black mouth; dry savanna
136,Chrysop,Reptile,Paradise flying snake,Chrysopelea paradisi,gas_giant|rocky,Akesnay|Aeleposyrhc|Chry'pa|Sneki|Chrysound|Paradizi|Chrydisi|Snasop,Tree snakes that flatten their bodies and undulate to glide through the air between branches.,Green-and-black snake gliding with flattened body
137,Hydrophis,Reptile,Yellow-bellied sea snake,Hydrophis platurus,rocky|gas_giant,Sihpordyh|Hyd'pla|Hydropari|Platuruz|Hydturus|Snahis|Surutalp|Ydrophishay,Fully marine venomous snakes with paddle tails. They drift with currents in vast aggregations.,Black-and-yellow sea snake with paddle tail drifting in open water
138,Amphisb,Reptile,Worm lizard,Amphisbaena alba,molten|rocky,Aneabsihpma|Am'al|Amphisae|Amalba|Liphisb|Abla|Albaeth|Emphosbeine,"Burrowing reptiles with ringed scales and tiny or no eyes, able to move backwards as easily as forwards.","Pinkish ringed worm-like reptile, blunt head; underground"
139,Triceron,Reptile,Triceratops,Triceratops horridus,rocky,Spotarecirt|Tri'hor|Trociretups|Triceani|Triridus|Triron|Tri-Hor|Horrieth,Large herbivores with three horns and a broad bony frill. They grind tough plants with batteries of teeth.,Massive quadruped with three horns and wide frill; prehistoric plain
140,Tyrannor,Reptile,Tyrannosaurus,Tyrannosaurus rex,rocky|molten,Ty'rex|Tyranos|Tyrex|Tynor|Ty-Reks|Rexoth|Tyrus|Tyranesh,Giant bipedal predators with enormous bone-crushing jaws and tiny forelimbs. Keen smell and binocular vision.,"Huge bipedal theropod, massive head, tiny arms, feathery patches; volcanic sky"
141,Pteranx,Reptile,Pteranodon,Pteranodon longiceps,gas_giant,Nodonaretp|Pte'lon|Ptirenudun|Pteraiun|Longikepz|Ptegiceps|Specignol|Pte-Lon,"Toothless flying reptiles with long head crests and wingspans over six metres, soaring on air currents.","Pterosaur with long backward crest, membranous wings; cloud sky"
142,Plesior,Reptile,Plesiosaur,Plesiosaurus dolichodeirus,frozen,Ple'do|Plisousear|Plesioiun|Pledeirus|Ple-Do|Doliceen|Plesaur|Plesioos,"Marine reptiles with long necks, broad bodies and four flippers. They fly underwater with flipper strokes.",Long-necked marine reptile with four flippers; dark ocean under ice
143,Ankylon,Reptile,Ankylosaurus,Ankylosaurus magniventris,molten|rocky,An'mag|Ankyyr|Anventris|Anlon|An-Mag|Magniul|Anrus|Ankyund,Heavily armoured herbivores with bony plates and a club tail. Nearly impervious to predators.,Low armoured dinosaur with osteoderm plates and tail club; lava field
144,Velocir,Reptile,Velociraptor,Velociraptor mongoliensis,rocky|molten,Ve'mon|Veloix|Veliensis|Vecir|Ve-Mon|Mongoesh|Vetor|Veloora,Small feathered predators with sickle claws on each foot. Agile and fast with grasping hands.,Feathered small raptor with sickle toe claw; desert dunes
145,Brachior,Reptile,Brachiosaurus,Brachiosaurus altithorax,rocky,Brac'al|Brachioari|Altithoraks|Brachorax|Xarohtitla|Brak-Al|Altitix|Bracrus,Colossal long-necked herbivores browsing high treetops. Forelimbs longer than hind limbs.,Gigantic sauropod with upright neck; tall forest
146,Stegor,Reptile,Stegosaurus,Stegosaurus stenops,rocky,Suruasogets|Ste'ste|Stigusearas|Stegoak|Ztenopz|Stestenops|Sponets|Zte-Zte,Herbivores with large plates along the back and spiked tail. Small head and stiff gait.,"Dinosaur with two rows of back plates, tail spikes; ferny plain"
147,Phyllovar,Amphibian,Golden poison frog,Phyllobates terribilis,toxic,Ogfray|Setabollyhp|Phyl'ter|Frug|Phylloos|Terribiliz|Phylbilis|Frogvar,Tiny brilliantly coloured frogs whose skin carries potent alkaloid toxins from their diet. Parents carry tadpoles on their backs to water pools.,"Small glossy gold frog, vivid warning colour, wet skin sheen; toxic haze over leaf"
148,Axolar,Amphibian,Axolotl,Ambystoma mexicanum,frozen|rocky,Axolotlway|Amotsybma|Am'me|Exulutl|Ambysora|Meksikanum|Acanum|Alar,"Aquatic salamanders that keep larval traits for life, including feathery external gills. They regenerate entire limbs, organs and parts of the brain.","Pink axolotl with feathery red gill fronds, smiling face, translucent skin; under ice lake"
149,Salamarr,Amphibian,Fire salamander,Salamandra salamandra,molten|toxic,Ardnamalas|Sa'sa|Selemendir|Salaesh|Zalamandra|Samandra|Samarr|Za-Za,Bold black-and-yellow salamanders that secrete neurotoxins from skin glands. Old myths link them to fire because they crawl from burning logs.,"Black salamander with yellow or orange blotches, crawling over glowing embers"
150,Andrias,Amphibian,Chinese giant salamander,Andrias davidianus,rocky|frozen,Sairdna|An'da|Andriasani|Davidianuz|Andianus|Sadrias|Sunaidivad|Andriasway,"The largest amphibians, flat-bodied river giants that breathe largely through wrinkled skin. They hunt by sudden suction feeding.","Huge flat brown salamander with wrinkled skin folds, tiny eyes; rocky cold stream"
151,Rhinell,Amphibian,Cane toad,Rhinella marina,toxic|rocky,Oadtay|Allenihr|Rhi'ma|Tued|Rhineliun|Marina|Rhirina|Toadnell,"Hardy, large toads with toxin glands behind the head. They eat almost anything and spread rapidly in new habitats.",Warty brown toad with large parotoid glands; polluted wetland
152,Ranavi,Amphibian,Wood frog,Lithobates sylvaticus,frozen,Setabohtil|Lit'syl|Lithoora|Zylvatikuz|Raticus|Frogvi|Sucitavlys|Lit-Zyl,"Frogs that freeze solid through winter, stopping heartbeat and breathing, then thaw and revive. Sugar in their cells prevents damage.","Brown frog with dark mask, partially frozen in clear ice"
153,Hylarb,Amphibian,Red-eyed tree frog,Agalychnis callidryas,rocky|gas_giant,Sinhcylaga|A'cal|Agayr|Kallidryaz|Hylidryas|Froglarb|Sayrdillac|A-Kal,Slender tree frogs with startling red eyes and suction toes. They lay eggs on leaves above water.,"Green frog with red eyes, blue flanks, orange feet on leaf"
154,Ceratoph,Amphibian,Argentine horned frog,Ceratophrys ornata,rocky,Syrhpotarec|Ce'or|Ornata|Cenata|Frogtoph|Atanro|Ke-Or|Ornaos,Round ambush frogs with enormous mouths that swallow prey nearly their own size. They burrow and wait.,Round green frog with huge mouth and horn-like eyelids
155,Rhacoph,Amphibian,Wallace's flying frog,Rhacophorus nigropalmatus,gas_giant,Surohpocahr|Rha'nig|Rhacopix|Rhamatus|Frogcoph|Rha-Nig|Nigroeth|Rhecuphuras,Frogs with huge webbed feet used as parachutes to glide between trees. On gas giants they glide between floating mats.,Green frog gliding with spread black-webbed feet
156,Proteus,Amphibian,Olm,Proteus anguinus,frozen|rocky,Olmway|Suetorp|Pro'an|Proteusos|Anguinuz|Proguinus|Olmteus|Suniugna,"Blind, pale cave salamanders living entirely underwater for a century. They can survive years without food.","Pale pink eel-like salamander with red gills, no eyes; dark cave water"
157,Caecil,Amphibian,Ringed caecilian,Siphonops annulatus,molten|rocky,Aeciliancay|Sponohpis|Sip'an|Ceicoloen|Siphoul|Annulatuz|Caelatus|Sutalunna,"Legless, burrowing amphibians with sensory tentacles. Young feed on a nutritious skin layer of the mother.",Blue-grey ringed legless amphibian; soil tunnel
158,Pipari,Amphibian,Surinam toad,Pipa pipa,rocky|toxic,Apip|Pi'pi|Pipayr|Pipa|Pipipa|Toadri|Ipapay|Pi-Pi,Flat aquatic toads whose young develop embedded in the mother's back skin. Star-shaped finger sensors find prey in murky water.,Flat leaf-like toad with honeycomb pits on back; murky water
159,Pyxicep,Amphibian,African bullfrog,Pyxicephalus adspersus,molten|rocky,Ullfrogbay|Py'ad|Ballfrug|Pyxiae|Adzperzuz|Pyspersus|Bulcep|Susrepsda,"Huge, aggressive frogs that survive drought for years inside a mucus cocoon underground. Males guard tadpoles fiercely.",Huge olive frog with toothlike jaw projections; cracked dry earth
160,Telmato,Amphibian,Titicaca water frog,Telmatobius culeus,frozen|rocky,Suibotamlet|Tel'cu|Telmaiun|Kuleuz|Telculeus|Frogto|Sueluc|Tel-Ku,High-altitude aquatic frogs with baggy skin folds that maximise oxygen absorption in cold water.,Frog with loose baggy skin folds in cold clear lake
161,Rheobat,Amphibian,Gastric-brooding frog,Rheobatrachus silus,rocky,Rheo'si|Rheobatiun|Ziluz|Rheosilus|Frogbat|Sulis|Rheo-Zi|Silusiun,"Frogs that brood their young in the stomach, switching off digestion, then give birth through the mouth.",Slimy grey frog with tadpoles in mouth; mountain stream
162,Carcharo,Fish,Great white shark,Carcharodon carcharias,frozen|rocky,Arkshay|Nodorahcrac|Car'car|Sherk|Carchaos|Karkhariaz|Carcharias|Sharkro,Large predatory sharks with rows of serrated replaceable teeth and electroreception that senses heartbeats. Partially warm-blooded to hunt in cold water.,"Huge torpedo shark with serrated teeth, countershading; dark blue water"
163,Sphyrn,Fish,Great hammerhead,Sphyrna mokarran,rocky|gas_giant,Anryhps|Sphyr'mo|Hemmirhied|Sphyrnaiun|Mokarran|Hamsphyrn|Narrakom|Yrnasphay,Sharks with a wide hammer-shaped head that spreads electroreceptors and eyes for wide sensing.,Hammerhead shark with wide T-shaped head; open water
164,Rhincod,Fish,Whale shark,Rhincodon typus,gas_giant,Nodocnihr|Rhin'ty|Rhincoak|Typuz|Rhintypus|Sharkcod|Supyt|Incodonrhay,"The largest fish, gentle filter-feeders that strain plankton. A spotted pattern is unique to each individual.",Huge spotted shark with wide mouth filter-feeding through gas giant haze
165,Somnios,Fish,Greenland shark,Somniosus microcephalus,frozen,Susoinmos|Som'mic|Somnioith|Somhalus|Sharknios|Omniosussay|Zom-Mik|Microari,"Slow, deep cold-water sharks that may live centuries. Extremely slow metabolism suited to near-freezing water.",Bulky grey shark with parasite-clouded eyes; deep icy water
166,Mobular,Fish,Giant manta ray,Mobula birostris,gas_giant|frozen,Alubom|Mo'bi|Mobueth|Biroztriz|Morostris|Giantlar|Sirtsorib|Obulamay,Huge filter-feeding rays that 'fly' with wing-like fins. Large brains and long-term memory.,"Massive manta ray gliding with spread fins, cephalic lobes; cloud layers"
167,Electrop,Fish,Electric eel,Electrophorus electricus,toxic|rocky,Electricway|Ilictroc|Elecae|Elektrikuz|Etricus|Etrop|Sucirtcele|Elecith,Air-breathing knifefish that generate powerful electric discharges for hunting and defence. Low-voltage pulses act as radar.,Long dark eel with electric arcs; murky river
168,Hippocam,Fish,Yellow seahorse,Hippocampus kuda,rocky|gas_giant,Eahorsesay|Supmacoppih|Hip'ku|Siehursi|Hippoesh|Kuda|Hipkuda|Seacam,Upright fish with prehensile tails and horse-like heads. Males carry and give birth to young.,"Seahorse coiling tail around stalk, armour rings"
169,Phycod,Fish,Leafy seadragon,Phycodurus eques,gas_giant|rocky,Eadragonsay|Surudocyhp|Phy'e|Siedregun|Phycound|Ekwez|Phyeques|Seadcod,"Fish draped in leaf-like skin lobes that make them look like drifting weed. They hover almost motionless, steering with nearly invisible transparent fins, and males carry eggs on the underside of the tail.","Ornate seadragon covered in translucent leafy fronds, golden-olive body, tiny tube snout; drifting through amber-lit cloud kelp"
170,Lophius,Fish,Humpback anglerfish,Melanocetus johnsonii,frozen,Suteconalem|Me'joh|Englirfosh|Melaani|Johnzonii|Lopnsonii|Anhius|Iinosnhoj,Deep-dwelling fish with a bioluminescent lure on a modified spine. Huge mouth and expandable stomach.,Black anglerfish with glowing lure and needle teeth; pitch black
171,Chauliod,Fish,Sloane's viperfish,Chauliodus sloani,frozen,Iperfishvay|Sudoiluahc|Chau'sloa|Vopirfosh|Chaulioeth|Zloani|Chausloani|Viliod,Deep-dark predators with fangs so long they cannot close their mouths. A glowing lure on the dorsal spine and light organs along the belly hide their silhouette and attract prey.,"Slender black fish with huge needle fangs outside jaw, row of glowing blue photophores, long lure ray; pitch black water"
172,Eurypha,Fish,Gulper eel,Eurypharynx pelecanoides,gas_giant|frozen,Ulpergay|Xnyrahpyrue|Eu'pe|Galpir|Eurypund|Eunoides|Gulha|Eu-Pe,Deep-water eels that are mostly mouth: a loosely hinged jaw opens into a huge pouch able to engulf prey larger than the eel. A glowing tail tip serves as a lure.,"Whip-thin black eel with enormous balloon pouch mouth, tiny eyes, pink glowing tail tip; dark void"
173,Macropin,Fish,Barreleye,Macropinna microstoma,frozen|gas_giant,Arreleyebay|Anniporcam|Mac'mic|Berriliyi|Macroak|Mikroztoma|Mactoma|Barpin,"Fish with a transparent fluid-filled dome over the head, through which tube-shaped eyes rotate upward to track glowing prey above them. Most of their life is spent hanging still.","Small dark fish with clear glass-like dome head, glowing green tubular eyes visible inside, fan fins; deep blue gloom"
174,Regalec,Fish,Giant oarfish,Regalecus glesne,gas_giant,Oarfishway|Sucelager|Re'gles|Uerfosh|Regaeen|Glezne|Reglesne|Oarlec,"The longest bony fish, ribbon-shaped and silver, reaching many metres. They drift vertically in the water column, undulating a red dorsal fin that runs the whole length of the body.","Very long silver ribbon fish with continuous red crest fin, swimming vertically; shafts of light in cloud layers"
175,Latimer,Fish,Coelacanth,Latimeria chalumnae,frozen|rocky,Airemital|La'cha|Cuilecenth|Latiund|Khalumnae|Lalumnae|Coemer|Eanmulahc,"Deep-water lobe-finned fish whose paired fins move in a walking-like alternating rhythm. They have a hinged skull, a fluid-filled spine and give birth to live young after long gestation.","Heavy dark-blue fish with white speckles, fleshy limb-like lobed fins, tri-lobed tail; rocky deep ledge"
176,Protopt,Fish,African lungfish,Protopterus annectens,molten|rocky,Ungfishlay|Suretpotorp|Langfosh|Protopix|Annektenz|Pronectens|Luntopt|Snetcenna,"Air-breathing fish with paired lungs that survive droughts by burrowing into mud and sealing themselves in a mucus cocoon, staying dormant for years until water returns.","Eel-like grey fish with thread-thin whip fins, curled inside cracked dried mud cocoon; scorched riverbed"
177,Tetraod,Fish,Tiger pufferfish,Takifugu rubripes,toxic,Ugufikat|Ta'rub|Paffirfosh|Takiul|Rubripez|Tetripes|Pufraod|Sepirbur,"Slow swimmers that defend themselves by rapidly inflating into a spiny ball. Their organs carry tetrodotoxin many times deadlier than cyanide, and fused beak-like teeth crush shells.","Inflated round pufferfish covered in spines, big expressive eyes, beak teeth; yellowish toxic murk"
178,Synanc,Fish,Reef stonefish,Synanceia verrucosa,toxic|rocky,Onefishstay|Aiecnanys|Sy'ver|Stunifosh|Synaneen|Verrukoza|Sycosa|Stonanc,"Ambush predators perfectly camouflaged as algae-crusted rock. Dorsal spines inject one of the most painful venoms known, and they can survive out of water for hours.","Lumpy warty fish indistinguishable from mossy rock, upturned mouth, raised venom spines; murky reef floor"
179,Pteroi,Fish,Red lionfish,Pterois volitans,toxic|rocky,Ionfishlay|Sioretp|Pte'vo|Lounfosh|Pteroiseth|Volitanz|Ptelitans|Lionroi,"Hunters with venomous spines and elaborate fan-like pectoral fins used to herd prey into corners. Highly adaptable, they spread rapidly into new waters with few natural enemies.","Fish with red-white zebra stripes, long feathery fan fins and venom spines spread like a mane"
180,Exocoe,Fish,Tropical flying fish,Exocoetus volitans,gas_giant|rocky,Ishfay|Suteocoxe|Fosh|Exoix|Elitans|Fishcoe|Snatilov|Voliith,Fish that launch from the surface at speed and glide on enlarged wing-like pectoral fins for hundreds of metres. On dense-atmosphere worlds they can glide between layers almost indefinitely.,"Silver-blue fish with wide transparent wing fins mid-glide, water or vapour trailing below"
181,Periophth,Fish,Atlantic mudskipper,Periophthalmus barbarus,rocky|toxic,Pe'bar|Madskoppir|Periopani|Barbaruz|Pebarus|Mudriophth|Surabrab|Pe-Bar,"Amphibious fish that spend more time out of water than in it, hopping and climbing with muscular front fins. They breathe through skin and keep water in gill chambers.","Bug-eyed fish with bulging periscope eyes on top of head, propped on fins on wet mud flats"
182,Chaenoceph,Fish,Blackfin icefish,Chaenocephalus aceratus,frozen,Icefishway|Chae'a|Ocifosh|Chaenoani|Akeratuz|Chaeratus|Iceph|Sutareca,Fish with no red blood cells or haemoglobin; oxygen dissolves directly in their colourless blood. Antifreeze proteins keep their tissues liquid in water below zero.,"Translucent ghostly white fish with crocodile-like snout, visible pale gills; blue sub-ice water"
183,Molamol,Fish,Ocean sunfish,Mola mola,gas_giant|frozen,Unfishsay|Alom|Sanfosh|Molaix|Mola|Momola|Sunmol|Olamay,"The heaviest bony fish, a flattened disc with tall top and bottom fins and no true tail. They drift near the surface to bask and warm up after dives to feed on jellies.","Huge grey disc-shaped fish with tall fins, small mouth, basking sideways in light"
184,Xiphia,Fish,Swordfish,Xiphias gladius,rocky|gas_giant,Ordfishsway|Saihpix|Xip'gla|Swurdfosh|Xiphiasoth|Gladiuz|Xipgladius|Sworhia,"Fast predatory fish with a long flat bill used to slash prey. Special heater tissue warms their eyes and brain, keeping vision sharp in cold depths.","Sleek dark-backed fish with long flat sword bill, crescent tail, in motion through deep water"
185,Istioph,Fish,Sailfish,Istiophorus platypterus,gas_giant,Ailfishsay|Surohpoitsi|Is'pla|Seolfosh|Istiopund|Platypteruz|Isterus|Sailtioph,"Among the fastest fish, with a huge sail-like dorsal fin they raise to herd schools of prey and fold away for speed. They flash colour changes while hunting.","Fish with tall blue spotted sail fin raised, long spear bill, iridescent blue-silver flanks; cloud sea"
186,Pygocen,Fish,Red-bellied piranha,Pygocentrus nattereri,rocky|toxic,Iranhapay|Surtnecogyp|Py'nat|Porenhe|Pygooth|Nattereri|Pyreri|Picen,Schooling river fish with razor-sharp interlocking triangular teeth. They hunt and scavenge in groups and communicate with barking sounds made by their swim bladder.,"Silver fish with red belly, underslung jaw with triangular teeth, school in murky water"
187,Arapaim,Fish,Arapaima,Arapaima gigas,rocky|toxic,Arapaimaway|Amiapara|Erepeome|Araith|Gigaz|Agigas|Apaim|Sagig,Giant river fish that must surface to breathe air every few minutes. Their mineral-reinforced scales resist even piranha bites; males guard their young in the head region.,"Huge elongated fish with red-tipped scales on rear, flat head gulping air at surface; murky river"
188,Acipens,Fish,Beluga sturgeon,Huso huso,frozen|rocky,Urgeonstay|Osuh|Hu'hu|Stargiun|Husoith|Huzo|Ahuso|Sturpens,"Huge, slow-growing bottom feeders with rows of bony plates instead of scales and sensitive barbels to find food. They can live over a century.","Large grey sturgeon with five rows of bony scutes, pointed snout, whisker barbels; cold riverbed"
189,Lampetr,Fish,Sea lamprey,Petromyzon marinus,frozen|toxic,Ampreylay|Nozymortep|Pet'ma|Lempriy|Petroani|Marinuz|Lamrinus|Suniram,"Jawless eel-like fish that attach to prey with a round suction disc mouth lined with rasping teeth, feeding on blood and fluids. They lack paired fins and bones.","Mottled eel with circular sucker mouth ringed by teeth, seven gill pores; cold dark water"
190,Myxin,Fish,Atlantic hagfish,Myxine glutinosa,frozen|toxic,Agfishhay|Enixym|My'glu|Hegfosh|Myxiae|Glutinoza|Mynosa|Hagxin,"Jawless, nearly blind scavengers that release litres of slime in seconds when threatened, choking predators. They tie their bodies in knots to clean off slime or tear food.","Pink-grey eel-like fish with barbels, tied in a knot, surrounded by translucent slime cloud"
191,Bettar,Fish,Siamese fighting fish,Betta splendens,toxic|rocky,Atteb|Bet'splen|Bettaae|Zplendenz|Fishtar|Snednelps|Ettabay|Bet-Zplen,"Small fish that gulp air via a labyrinth organ, letting them live in stagnant, oxygen-poor water. Males build bubble nests and display vivid, flowing fins.","Small fish with long flowing jewel-coloured fins, bubble nest above; stagnant toxic pool"
192,Cyprinod,Fish,Devils Hole pupfish,Cyprinodon diabolis,molten,Upfishpay|Nodonirpyc|Cyp'dia|Papfosh|Cypriari|Diaboliz|Cypbolis|Pupnod,"Tiny fish surviving in hot, low-oxygen spring pools where temperatures would kill most fish. Entire populations may live in a single isolated pool.",Small iridescent blue fish in steaming hot spring pool lined with mineral crust
193,Amphipri,Fish,Clownfish,Amphiprion ocellaris,toxic|rocky,Ownfishclay|Noirpihpma|Cluwnfosh|Amphipeen|Okellariz|Amlaris|Clowri|Siralleco,Small fish coated in protective mucus that lets them live among stinging tentacles. All are born male; the dominant one changes sex to female when needed.,Orange-and-white banded fish nestled in stinging anemone tentacles; colourful reef
194,Toxotes,Fish,Banded archerfish,Toxotes jaculatrix,rocky,Setoxot|To'ja|Erchirfosh|Toxoora|Jakulatriks|Tolatrix|Artes|Xirtalucaj,"Fish that knock insects off overhanging plants by spitting precise jets of water, correcting for light refraction. They learn by watching others hit targets.",Silver fish with black bands spitting a water jet upward at an insect on a leaf
195,Anableps,Fish,Four-eyed fish,Anableps anableps,rocky,Spelbana|Anabani|Anablepz|Fishleps|Anablepsway|Anabith|Eneblips|Afish,"Surface-skimming fish whose eyes are split horizontally into two pupils, seeing above and below water simultaneously for spotting food and predators.",Fish floating at waterline with bulging split eyes half above surface; mangrove
196,Gnathon,Fish,Elephantnose fish,Gnathonemus petersii,rocky|toxic,Sumenohtang|Gnat'pe|Gnathooth|Peterzii|Gnattersii|Fishhon|Iisretep|Gnat-Pe,"Fish that emit weak electric fields and read distortions with their trunk-like chin, 'seeing' in murky water. They have very large brains relative to body size.","Dark brown fish with long trunk-like chin appendage, faint electric field rings; murky water"
197,Argyrop,Fish,Silver hatchetfish,Argyropelecus aculeatus,gas_giant|frozen,Hetchitfosh|Argyith|Arleatus|Hatrop|Acuak|Arfish|Hatchetyr|Ar'rop,"Small deep-water fish with mirror-like sides and downward-pointing light organs that match light from above, making them invisible from below.","Thin silver hatchet-shaped fish with upturned eyes, glowing belly; deep blue gloom"
198,Pseudoli,Fish,Mariana snailfish,Pseudoliparis swirei,frozen,Ailfishsnay|Pseu'swi|Sneolfosh|Pseudound|Zwirei|Pseuswirei|Snailli|Ieriws,"Translucent, soft-bodied fish from the deepest trenches. Their bones are partly cartilage and their cells use special molecules to withstand crushing pressure.","Translucent pink tadpole-like fish with visible organs, gelatinous body; crushing dark depth"
199,Ogcocep,Fish,Red-lipped batfish,Ogcocephalus darwini,rocky,Atfishbay|Og'dar|Betfosh|Ogcoak|Darwini|Ogwini|Batcep|Iniwrad,"Bottom-dwelling fish that walk on modified fins rather than swim. A small lure on the head attracts prey, and bright red lips are used in display.","Brown flattened fish with bright red lips, walking on leg-like fins on sandy floor"
200,Remorax,Fish,Common remora,Remora remora,gas_giant,Emoraray|Aromer|Re're|Rimure|Remoani|Remora|Rerax|Re-Re,"Fish with a suction disc on the head, used to hitch rides on larger animals and feed on scraps and parasites, saving energy.","Slender grey fish with ridged suction disc on top of head, attached to a giant creature's hide"
201,Alcolap,Fish,Lake Magadi tilapia,Alcolapia grahami,toxic|molten,Ilapiatay|Aipalocla|Al'gra|Tolepoe|Alcoani|Grahami|Alhami|Tilap,"Fish surviving in hot, highly alkaline soda lakes, excreting waste as urea instead of ammonia. They live at temperatures and pH lethal to almost any other fish.",Small silvery fish in steaming alkaline lake with pink-white crusted shores
202,Formicor,Insect,Leafcutter ant,Atta cephalotes,rocky|toxic,Atta|At'cep|Liefcattir|Attaul|Kefalotez|Forlotes|Leafcor|Setolahpec,"Colonial insects that cut vegetation to cultivate fungus gardens underground. Workers come in many size castes, from tiny gardeners to large soldiers.","Ant carrying leaf fragment, multiple size castes; underground fungus garden"
203,Ecitonar,Insect,Army ant,Eciton burchellii,rocky|molten,Armyway|Notice|E'bur|Ermy|Ecios|Burkhellii|Echellii|Arnar,Nomadic colonial insects that never build permanent nests. They raid in sweeping columns of hundreds of thousands and link their own bodies into bridges and temporary bivouac nests.,Ants with long sickle mandibles forming a living bridge over a gap; dense column on hot ground
204,Apisar,Insect,Western honeybee,Apis mellifera,rocky|gas_giant,Oneybeehay|Sipa|A'mel|Huniybii|Apisae|Mellifera|Afera|Hosar,Social insects living in large colonies around a single breeding queen. They communicate food locations with a waggle dance and build hexagonal wax combs to store food.,Golden-striped hairy bee near hexagonal wax comb; on gas giants depict floating comb hives
205,Vespar,Insect,Asian giant hornet,Vespa mandarinia,rocky|toxic,Ornethay|Apsev|Ves'man|Hurnit|Vespaesh|Mandarinia|Vesrinia|Horpar,"Large predatory wasps with a potent venom and powerful mandibles. They hunt other insects, raiding hives in coordinated attacks.","Large wasp with orange head, black-and-gold stripes, big mandibles; hazy forest"
206,Termitar,Insect,Mound-building termite,Macrotermes bellicosus,molten|rocky,Ermitetay|Semretorcam|Mac'bel|Tirmoti|Macroos|Bellikozuz|Tercosus|Tertar,"Blind colonial insects that build towering ventilated mounds with stable internal climate, farming fungus inside. A huge egg-laying queen sits at the centre.","Pale soft-bodied termite next to tall ridged mound with ventilation chimneys; red earth, heat haze"
207,Hymenor,Insect,Orchid mantis,Hymenopus coronatus,rocky,Antismay|Suponemyh|Hy'co|Mentos|Hymeiun|Koronatuz|Hynatus|Mannor,"Predatory insects shaped and coloured like flower petals, attracting pollinators which they ambush. Petal-shaped leg lobes and pastel colours.","Pink-white mantis with petal-shaped legs, resembling a flower, raptorial forelegs"
208,Brachin,Insect,Bombardier beetle,Brachinus crepitans,toxic|molten,Eetlebay|Sunihcarb|Brac'cre|Biitli|Brachiix|Krepitanz|Bracpitans|Beethin,"Beetles that mix chemicals in an abdominal chamber to spray boiling, toxic liquid at attackers in rapid pulses, aimed in almost any direction.",Orange-and-blue beetle spraying a hot vapour jet from abdomen; toxic haze
209,Scarabos,Insect,Sacred scarab,Scarabaeus sacer,molten,Arabscay|Sueabaracs|Sca'sa|Scereb|Scaraeen|Zaker|Scasacer|Scabos,Dung beetles that roll balls of food and navigate in straight lines using the stars and polarised light. They climb on top of the ball to cool off.,Black beetle with spiked head shield rolling ball across hot sand under starry sky
210,Goliath,Insect,Goliath beetle,Goliathus goliatus,rocky,Suhtailog|Goliatix|Goliatuz|Goliatus|Beetliath|Sutailog|Oliathusgay|Go-Go,Among the heaviest insects. Larvae grow for months in rotting wood before pupating; adults feed on sap and fruit. Males carry a forked head horn.,"Large beetle with bold black-and-white patterning, Y-shaped head horn"
211,Dynastor,Insect,Hercules beetle,Dynastes hercules,rocky,Setsanyd|Dy'her|Dynasiun|Herkulez|Dycules|Beettor|Selucreh|Ynastesday,Massive horned beetles that can lift many times their own body weight. Males fight with long pincer horns to flip rivals.,"Beetle with very long pincer horns, olive-gold shell with black spots"
212,Lucanor,Insect,Stag beetle,Lucanus cervus,rocky,Sunacul|Lu'cer|Lucaos|Kervuz|Lucervus|Beetnor|Ucanuslay|Lu-Ker,Beetles whose males have huge antler-like mandibles used in wrestling duels. Larvae spend years in decaying wood.,Glossy dark brown beetle with large branching antler mandibles
213,Melanop,Insect,Fire-chasing jewel beetle,Melanophila acuminata,molten,Alihponalem|Melaund|Akuminata|Menata|Beetnop|Atanimuca|Acueen|Milenuphole,Beetles with infrared-sensing pits that detect forest fires from many kilometres away. They breed in freshly burned wood.,"Matte black beetle flying toward flames and glowing ash, infrared pits on body"
214,Onymac,Insect,Namib fog-basking beetle,Onymacris unguicularis,molten,Sircamyno|Onyith|Olaris|Beetmac|Unguiyr|Unymecros|Beetleul|O'mac,"Desert beetles that harvest water from fog by standing head-down on dune crests, letting droplets condense on their backs and roll to their mouths.","Black beetle in headstand on dune crest, water droplets on raised back; misty dawn"
215,Lampyr,Insect,Common eastern firefly,Photinus pyralis,rocky|gas_giant,Ireflyfay|Sunitohp|Pho'py|Forifly|Photios|Pyraliz|Lamralis|Fipyr,Beetles that produce cold chemical light in species-specific flash patterns used for communication. Some predators mimic others' signals.,Swarm of glowing beetles at night with yellow-green abdomen lights
216,Danaus,Insect,Monarch butterfly,Danaus plexippus,gas_giant|toxic,Utterflybay|Suanad|Da'ple|Battirfly|Danausith|Pleksippuz|Daxippus|Butnaus,"Migratory butterflies travelling thousands of kilometres across generations. Caterpillars store plant toxins, making adults poisonous to predators.",Orange-black veined butterflies migrating as a vast cloud
217,Morphon,Insect,Blue morpho,Morpho menelaus,gas_giant|rocky,Orphomay|Ohprom|Mor'me|Murphu|Morphound|Menelauz|Mornelaus|Sualenem,"Butterflies with brilliant structural blue wings produced by microscopic scales that reflect light, not pigment. Undersides are brown with eye spots.","Large iridescent blue butterfly, brown underside eye-spots, rainforest light"
218,Actias,Insect,Luna moth,Actias luna,rocky|gas_giant,Othmay|Saitca|Ac'lu|Muth|Actiasund|Luna|Acluna|Mothtias,Pale green moths with long trailing hindwing tails that confuse bat echolocation. Adults have no mouth and live only about a week.,"Pale green moth with long curved tails, feathery antennae; night"
219,Attacus,Insect,Atlas moth,Attacus atlas,gas_giant|rocky,Sucatta|At'at|Attaae|Atlaz|Atatlas|Mothcus|Salta|Attacusway,"One of the largest moths, with wingtips patterned like snake heads to scare predators. Adults do not eat and live off larval fat.","Huge reddish-brown moth with snake-head wingtip patterns, translucent windows"
220,Meganeur,Insect,Meganeura,Meganeura monyi,gas_giant|rocky,Eganeuramay|Aruenagem|Me'mo|Migeniare|Megayr|Monyi|Memonyi|Meneur,"Giant dragonflies with wingspans up to 70 cm, made possible by their world's oxygen-rich atmosphere. Aerial hunters catching prey mid-flight.","Huge dragonfly with net-veined wings, large compound eyes; misty swamp sky"
221,Phyllium,Insect,Giant leaf insect,Phyllium giganteum,rocky,Insectway|Muillyhp|Phyl'gi|Onsict|Phylliumix|Giganteum|Phylganteum|Inlium,"Insects that look like living leaves, complete with veins, bite marks and brown edges. They sway to mimic leaves in wind.",Flat green leaf-shaped insect with vein patterns and leafy leg lobes
222,Phobaet,Insect,Chan's megastick,Phobaeticus chani,rocky,Egastickmay|Suciteabohp|Pho'cha|Migestock|Phobaeesh|Khani|Phochani|Mebaet,"Extremely long stick insects, over half a metre including legs. They stay motionless by day, camouflaged as twigs.",Very long twig-like insect blending into branches; forest
223,Schistoc,Insect,Desert locust,Schistocerca gregaria,molten|rocky,Ocustlay|Schis'gre|Lucast|Schistoesh|Gregaria|Schisgaria|Lotoc|Airagerg,"Grasshoppers that switch from solitary to swarming form when crowded, changing colour and behaviour. Swarms can cover huge areas.",Yellow-black locust swarm darkening the sky over arid land
224,Magicic,Insect,Periodical cicada,Magicicada septendecim,rocky,Icadacay|Adacicigam|Ma'sep|Cocede|Magiix|Zeptendekim|Madecim|Cicic,Insects that live underground as nymphs for many years before emerging all at once in massive synchronised broods.,Black cicada with red eyes and orange-veined wings; emergence on tree bark
225,Gryllot,Insect,European mole cricket,Gryllotalpa gryllotalpa,rocky,Icketcray|Aplatollyrg|Gryl'gryl|Crockit|Grylloul|Gryllotalpa|Gryltalpa|Criclot,Burrowing crickets with powerful shovel-like forelegs. Males shape their tunnels into amplifying horns to project their call.,Velvety brown cricket with mole-like digging forelegs; soil tunnel
226,Deinacr,Insect,Giant weta,Deinacrida heteracantha,rocky|frozen,Etaway|Adircanied|Dei'he|Wite|Deinacani|Deicantha|Wenacr|Dei-He,"Huge flightless crickets, among the heaviest insects. Some related species can freeze solid in winter and thaw in spring.",Massive spiny-legged cricket on frosted bark
227,Gromphad,Insect,Madagascar hissing cockroach,Gromphadorhina portentosa,toxic|rocky,Ockroachcay|Grom'por|Cuckruech|Gromphaesh|Portentoza|Gromtosa|Cocphad|Asotnetrop,"Large wingless roaches that hiss loudly by forcing air out through breathing pores, using it in courtship and territorial contests. They thrive on rotting matter and tolerate foul, low-quality environments.","Glossy chestnut wingless roach, horned bumps on male's thorax, segmented armour; rotting log in damp toxic fog"
228,Gerris,Insect,Common pond skater,Gerris lacustris,rocky|frozen,Aterskay|Sirreg|Ger'la|Sketir|Gerrisund|Lakuztriz|Gercustris|Skaris,"Light-bodied insects that skate across water on surface tension, using water-repellent hairs on their legs. They detect struggling prey through ripples and signal each other with vibrations.","Thin long-legged insect standing on water, dimples under feet, concentric ripples; still pond under pale ice-blue sky"
229,Dytiscus,Insect,Great diving beetle,Dytiscus marginalis,rocky|frozen,Sucsityd|Dy'mar|Dytisoth|Marginaliz|Dynalis|Beetcus|Silanigram|Ytiscusday,Fierce predatory water beetles that dive with a silvery air bubble trapped under their wing covers. Larvae inject digestive juices through hollow jaws.,"Dark olive beetle with yellow rim, silver air bubble under shell, swimming legs fringed with hairs; underwater weeds"
230,Letho,Insect,Giant water bug,Lethocerus americanus,rocky|toxic,Surecohtel|Let'a|Lethoak|Amerikanuz|Letcanus|Giantho|Sunacirema|Let-A,Large aquatic ambush bugs that grab prey with raptorial forelegs and inject saliva that liquefies tissue. Males carry eggs glued to their backs until hatching.,"Flat brown bug with thick grasping forelegs, eggs on back, breathing tube at tail; murky green water"
231,Belgica,Insect,Antarctic midge,Belgica antarctica,frozen,Idgemay|Acigleb|Bel'an|Modgi|Belgieth|Antarktika|Belctica|Midca,"Tiny flightless midges that survive freezing, desiccation and high salinity, taking two years to complete their life cycle. Minimal body size and wings reduce heat loss and wind exposure.","Tiny dark wingless midge on frozen moss, ice crystals around, magnified macro view"
232,Grylloblat,Insect,Ice crawler,Grylloblatta campodeiformis,frozen,Awlercray|Gryl'cam|Crewlir|Gryllobos|Grylformis|Crawlat|Gryl-Kam|Campoae,"Wingless insects that live at the edge of glaciers and snowfields, scavenging wind-blown insects. They are so cold-adapted that the warmth of a hand can kill them.",Pale amber wingless insect with long antennae and tail cerci on blue glacier ice
233,Polyped,Insect,Sleeping chironomid,Polypedilum vanderplanki,molten,Mulidepylop|Po'van|Chorunumod|Polyiun|Poplanki|Chiped|Po-Van|Vanderund,"Larvae that survive complete drying for years by replacing body water with sugar glass, reviving within an hour of rehydration. Ideal for worlds with rare, brief wet periods.",Dried curled red larva in cracked rock pool; second panel revived in water droplet
234,Myrmeleon,Insect,Antlion,Myrmeleon formicarius,molten,Antlionway|Noelemrym|Myr'for|Entloun|Myrmeos|Formikariuz|Myrcarius|Anleon,"Predatory larvae that dig conical sand pits and wait buried at the bottom, flicking sand at prey to make it slide in. Adults are delicate, slow-flying winged insects.","Conical sand pit with sickle jaws poking from centre, prey sliding in; hot sand"
235,Dasymut,Insect,Velvet ant,Dasymutilla occidentalis,molten|toxic,Elvetvay|Allitumysad|Da'oc|Vilvit|Dasyeen|Datalis|Velmut|Da-Ok,Wingless female wasps covered in velvety warning-coloured hair. An extremely painful sting and an exoskeleton too hard for many predators to pierce make them nearly untouchable.,"Fuzzy red-and-black ant-like wasp on hot sand, bright velvet hair"
236,Pepsis,Insect,Tarantula hawk,Pepsis grossa,molten|toxic,Awkhay|Sispep|Pep'gros|Hewk|Pepsisak|Grozza|Pepgrossa|Hawksis,Large wasps whose females paralyse giant spiders to feed their larvae. Their sting is among the most painful known; adults feed on nectar.,Metallic blue-black wasp with bright orange wings dragging a large spider across rocks
237,Thermob,Insect,Firebrat,Thermobia domestica,molten,Irebratfay|Aibomreht|Ther'do|Foribret|Thermoae|Domeztika|Thertica|Fimob,"Primitive wingless insects that thrive at temperatures most insects cannot tolerate, living near heat sources. Silvery scales and long tail filaments.",Silvery bristly insect with long antennae and three tail filaments on hot glowing stone
238,Leiurus,Arachnid,Deathstalker scorpion,Leiurus quinquestriatus,molten|toxic,Orpionscay|Suruiel|Leiu'quin|Scurpoun|Leiurusoth|Leiutriatus|Scorrus|Eiuruslay,"Slender desert scorpions with some of the most potent venom among scorpions. Thin pincers mean they rely on the sting, and they hunt at night when the ground cools.","Pale yellow scorpion with raised segmented tail and stinger, thin pincers; desert night"
239,Pandinus,Arachnid,Emperor scorpion,Pandinus imperator,rocky,Sunidnap|Pan'im|Pandieth|Imperator|Panrator|Scornus|Rotarepmi|Andinuspay,"Large, heavy forest scorpions with massive pincers and mild venom. Their exoskeleton fluoresces vivid blue-green under ultraviolet light, possibly sensing light across the body.","Glossy black scorpion glowing blue-green under UV light, large knobbly claws"
240,Theraphos,Arachnid,Goliath birdeater,Theraphosa blondi,rocky,Irdeaterbay|Asohpareht|The'blon|Bordietir|Therapani|Blondi|Theblondi|Birhos,"The largest spiders by mass, with leg spans the size of a dinner plate. They flick barbed irritating hairs at attackers and hiss by rubbing leg bristles together.","Massive hairy brown tarantula raised in defensive stance, fangs visible; dark rainforest floor"
241,Erigone,Arachnid,Ballooning spider,Erigone atra,gas_giant,Iderspay|Enogire|Spodir|Eriani|Atra|Eatra|Spine|Arta,"Small spiders that travel by 'ballooning': releasing silk threads that catch air currents and electric fields, carrying them hundreds of kilometres high. Natural colonists of floating ecosystems.","Tiny dark spider tip-toed, releasing fan of silk threads, drifting through cloud layers"
242,Maratus,Arachnid,Peacock spider,Maratus volans,rocky,Sutaram|Ma'vo|Maraund|Mavolans|Spitus|Snalov|Aratusmay|Ma-Vo,Tiny jumping spiders whose males raise iridescent abdomen flaps and perform intricate dances. Excellent vision with large forward-facing eyes.,"Tiny spider with raised iridescent fan-shaped abdomen display, colourful patterns, big eyes"
243,Argyrone,Arachnid,Diving bell spider,Argyroneta aquatica,rocky|frozen,Atenorygra|Argyesh|Akwatika|Artica|Acitauqa|Aquaith|Ergyrunite|Arder,"Spiders that live entirely underwater in silk-anchored air bubbles acting as diving bells, refilled by trips to the surface. They hunt and moult inside the bubble.","Spider inside silvery air bubble among underwater weeds, silk anchor threads"
244,Latrodec,Arachnid,Black widow,Latrodectus mactans,toxic,Idowway|Sutcedortal|Lat'mac|Woduw|Latround|Maktanz|Latmactans|Widec,"Spiders with glossy black bodies and a red hourglass marking, carrying potent neurotoxic venom. Females are much larger than males.",Glossy black spider with red hourglass marking hanging in tangled web
245,Atraxi,Arachnid,Sydney funnel-web spider,Atrax robustus,toxic|rocky,Xarta|At'ro|Atraxyr|Atbustus|Spixi|Sutsubor|Atraxway|At-Ro,"Large, aggressive spiders with fast-acting venom that live in silk-lined burrows with tripline webs. Males wander during breeding season.",Glossy black spider with fangs raised in threat posture; funnel web entrance
246,Portiar,Arachnid,Portia jumping spider,Portia fimbriata,rocky,Aitrop|Por'fim|Portiaoth|Fimbriata|Porbriata|Spitiar|Atairbmif|Ortiapay,"Jumping spiders with complex hunting strategies, planning detours to reach prey out of sight and mimicking prey vibrations on webs.","Fringed brown jumping spider with large forward eyes, stalking on web"
247,Caerost,Arachnid,Darwin's bark spider,Caerostris darwini,rocky|gas_giant,Sirtsoreac|Cae'dar|Caerosos|Caewini|Spirost|Kae-Dar|Darwiyr|Ceirustros,"Spiders that spin the largest known orb webs, spanning rivers, using silk tougher than steel. Webs are anchored by bridge lines over 20 metres long.",Huge web spanning a river gap; tiny spider at centre; on gas giants web spans between floating rocks
248,Galeod,Arachnid,Camel spider,Galeodes arabs,molten,Sedoelag|Galeound|Arabz|Gaarabs|Spileod|Sbara|Aleodesgay|Arabsith,"Fast-running desert arachnids with enormous jaws, up to a third of their body length, used to tear prey apart. They hunt at night, outrun most small animals and tolerate extreme heat and dryness.","Tan hairy arachnid with huge forward-projecting chelicerae and long pedipalps, running across glowing hot sand at dusk"
249,Phrynusi,Arachnid,Whip spider,Phrynus marginemaculatus,rocky,Sunyrhp|Phry'mar|Phrynusak|Phrylatus|Spisi|Ynusphray|Fry-Mar|Margiani,"Flattened arachnids that walk sideways and use a pair of extremely long, antenna-like front legs to feel their surroundings in darkness. Spiny raptorial claws snap shut on prey.","Flat dark arachnid with very long whip-like feeler legs and spiny folded claws, on a cave wall"
250,Leiobun,Arachnid,Harvestman,Leiobunum rotundum,rocky|frozen,Munuboiel|Leio'ro|Hervistmen|Leiobuak|Rotundum|Leiotundum|Harbun|Mudnutor,"Arachnids with a single fused round body on extraordinarily long thin legs, each leg carrying its own sense organs. They can shed legs that keep twitching to distract predators.","Tiny round body suspended on extremely long thin legs, cluster of many resting together on rock"
251,Scolopen,Arachnid,Amazonian giant centipede,Scolopendra gigantea,toxic|rocky,Entipedecay|Ardnepolocs|Sco'gi|Cintopidi|Scoloos|Gigantea|Scogantea|Cenpen,"Large venomous centipedes that hunt mice, frogs and even bats, using modified front legs as venom-injecting fangs. Fast, aggressive and armoured with overlapping plates.",Long glossy red-brown segmented centipede with yellow legs and curved forcipule fangs
252,Illacme,Arachnid,Illacme millipede,Illacme plenipes,rocky,Illipedemay|Emcalli|Il'ple|Mollopidi|Illacae|Plenipez|Ilnipes|Milme,"Underground millipedes with the most legs of any animal, over 700. Pale and nearly blind, they secrete defensive chemicals and live in deep soil and rock fissures.",Thread-thin pale cream millipede with hundreds of tiny legs coiled under a stone
253,Apheloria,Arachnid,Cyanide millipede,Apheloria virginiensis,toxic,Airolehpa|Ap'vir|Apheari|Apniensis|Milria|Ap-Vir|Virgiith|Ephiluroe,Millipedes that release hydrogen cyanide and benzaldehyde (an almond scent) when disturbed. Bright warning colours advertise their toxicity.,"Black millipede with bright yellow side spots on leaf litter, faint vapour wisps"
254,Trombid,Arachnid,Red velvet mite,Trombidium holosericeum,molten|rocky,Itemay|Muidibmort|Trom'ho|Moti|Trombiesh|Tromriceum|Mibid|Trom-Ho,"Bright red, velvety mites that emerge in large numbers after rain. Larvae parasitise insects and adults eat insect eggs.","Plush red velvet mite on wet sand after rain, magnified"
255,Chelifer,Arachnid,Pseudoscorpion,Chelifer cancroides,rocky,Refilehc|Che'can|Cheliyr|Kankroidez|Checroides|Pseufer|Sediorcnac|Eliferchay,Tiny arachnids with large pincers but no tail. They hitch rides by clinging to larger insects and hunt even smaller creatures.,Small brown arachnid with oversized pincers clinging to a beetle's leg
256,Limulus,Arachnid,Atlantic horseshoe crab,Limulus polyphemus,toxic|rocky,Abcray|Sulumil|Li'po|Creb|Limuoth|Polyfemuz|Lihemus|Crablus,Armoured arthropods with blue copper-based blood that clots on contact with bacteria. They come ashore to spawn in large numbers.,Horseshoe-shaped olive-brown shell with long spike tail on a beach at dusk
257,Jaekelo,Arachnid,Giant sea scorpion,Jaekelopterus rhenaniae,rocky|frozen,Jae'rhe|Jaekeith|Rhenaniae|Jaenaniae|Scorlo|Eainanehr|Jae-Rhe|Rhenaani,"Giant aquatic arthropods up to 2.5 metres long, apex predators with spiny grasping claws and paddle-like swimming legs.",Huge segmented eurypterid with spiny claws and paddle legs swimming in cold murky water
258,Odontod,Crustacean,Peacock mantis shrimp,Odontodactylus scyllarus,rocky|toxic,Impshray|O'scyl|Shromp|Odonae|Zkyllaruz|Olarus|Shrimptod|Surallycs,"Armoured crustaceans whose club-like forelimbs strike with the acceleration of a bullet, creating cavitation flashes. Their eyes have up to 16 colour receptor types and detect polarised light.","Rainbow-coloured shrimp with stalked trinocular eyes, folded striking clubs, armoured segments; reef glow"
259,Alpheus,Crustacean,Bigclaw snapping shrimp,Alpheus heterochaelis,rocky,Suehpla|Al'he|Alpheusani|Alhaelis|Shrimppheus|Alpheusway|Al-He|Elphias,Small shrimp with one oversized claw that snaps shut to fire a bubble shockwave loud enough to stun prey. Colonies create constant crackling noise.,"Small translucent shrimp with one giant claw, shockwave bubble in front; seabed"
260,Homarux,Crustacean,American lobster,Homarus americanus,frozen|rocky,Obsterlay|Suramoh|Lubstir|Homaoth|Hocanus|Lobrux|Omarushay|Ameoth,"Long-lived armoured crustaceans that keep growing and moulting through life. Asymmetric claws: one for crushing, one for cutting.","Dark blue-green lobster with two different claws, long antennae; cold rocky seafloor"
261,Birgus,Crustacean,Coconut crab,Birgus latro,rocky|molten,Sugrib|Bir'lat|Birgusora|Latro|Birlatro|Crabgus|Ortal|Irgusbay,"The largest land arthropods, climbing trees and cracking hard shells with immensely strong claws. Adults drown if kept underwater.","Huge purple-orange land crab climbing trunk, massive claws"
262,Kiwarr,Crustacean,Yeti crab,Kiwa hirsuta,molten|frozen,Awik|Ki'hir|Kiwaani|Hirzuta|Kisuta|Crabwarr|Atusrih|Iwakay,"Pale, blind crabs living at hydrothermal vents, farming chemosynthetic bacteria on hairy arms they wave in mineral-rich water.","White crab with long silky-haired arms near black smoker vent, shimmering heat"
263,Rimicar,Crustacean,Vent shrimp,Rimicaris exoculata,molten,Siracimir|Rimiyr|Eksokulata|Rilata|Shrimpcar|Atalucoxe|Imicarisray|Exoani,"Shrimp swarming around superheated vents, sensing faint vent glow through a light-sensitive back organ. Bacteria in their gill chambers feed them.","Swarm of pale shrimp on chimney vent, dorsal reflective patch, mineral smoke"
264,Macroche,Crustacean,Japanese spider crab,Macrocheira kaempferi,frozen|rocky,Ariehcorcam|Mac'kaem|Macrocund|Kaempferi|Macpferi|Crabhe|Irefpmeak|Mak-Kaem,"Crabs with the longest leg span of any arthropod, up to 3.7 metres. Slow scavengers of cold deep shelves; very long-lived.",Huge orange crab with extremely long spindly legs; dark cold water
265,Euphaus,Crustacean,Antarctic krill,Euphausia superba,frozen|gas_giant,Illkray|Aisuahpue|Eup'su|Kroll|Euphauora|Zuperba|Eupperba|Krillhaus,Small shrimp-like swarmers forming vast biomass clouds that feed giants. They can shrink when starving and glow with light organs.,"Dense swarm of translucent orange krill, tiny glowing photophores"
266,Bathynom,Crustacean,Giant isopod,Bathynomus giganteus,frozen,Isopodway|Sumonyhtab|Bat'gi|Osupud|Bathyani|Giganteuz|Batganteus|Inom,"Deep-sea scavengers resembling giant pill bugs that can go years without eating, storing fat and slowing their metabolism. They gorge on carcasses that sink to the seafloor.",Large segmented grey-lilac isopod with big reflective compound eyes and many legs; dark cold seabed
267,Armadil,Crustacean,Common pill bug,Armadillidium vulgare,rocky,Ommoncay|Ar'vul|Cummun|Armaos|Vulgare|Argare|Comdil|Eragluv,Land crustaceans that roll into armoured balls and breathe through gill-like structures needing humidity.,Grey segmented pill bug partly rolled; damp leaf litter
268,Gecarco,Crustacean,Christmas Island red crab,Gecarcoidea natalis,rocky,Aediocraceg|Ge'na|Gecarix|Nataliz|Getalis|Crabco|Silatan|Ge-Na,"Land crabs that live in forests and undertake mass migrations to the sea to release larvae. Millions move at once, covering the ground in red.",Bright red crabs swarming over rocks and forest floor in a mass migration
269,Pagurox,Crustacean,Common hermit crab,Pagurus bernhardus,rocky,Surugap|Pa'ber|Pagueen|Bernharduz|Panhardus|Crabrox|Sudrahnreb|Aguruspay,"Crabs with soft, spiralled abdomens that live in borrowed shells and upgrade as they grow. Groups line up by size to exchange shells in chains.",Crab peeking from a spiral shell with red claws; tide pool
270,Lepasi,Crustacean,Goose barnacle,Lepas anatifera,gas_giant|rocky,Arnaclebay|Sapel|Bernecli|Lepasak|Anatifera|Lefera|Barsi|Arefitana,Stalked filter-feeders that attach to anything drifting and sweep feathery legs to catch food. Colonies cover floating debris and drifting organisms.,"Cluster of white-shelled goose barnacles on long dark stalks hanging from floating debris, feathery legs extended"
271,Triopsa,Crustacean,Tadpole shrimp,Triops cancriformis,molten,Spoirt|Triops'can|Triopsani|Triopformis|Shrimpsa|Iopstray|Triopz-Kan|Cancriix,"Tough little crustaceans built for ponds that come and go. Their eggs survive decades of drought and hatch within hours of rain, maturing in days.",Shield-shaped olive crustacean with three eyes and forked tail in a temporary pool on hot rock
272,Artemir,Crustacean,Brine shrimp,Artemia salina,toxic|molten,Aimetra|Ar'sa|Arteoth|Zalina|Arlina|Shrimpmir|Anilas|Artemiaway,"Tiny crustaceans thriving in hypersaline lakes where few predators survive. Their cysts endure drying, vacuum and radiation for years.",Translucent red brine shrimp swarm in pink saline water with salt crusts
273,Phronim,Crustacean,Phronima,Phronima sedentaria,gas_giant,Onimaphray|Aminorhp|Phro'se|Phrunome|Phroniix|Zedentaria|Phrotaria|Airatnedes,"Transparent amphipods that hollow out drifting gelatinous animals and live inside them, pushing these barrels through the water like mobile homes.",Transparent alien-looking amphipod with huge eyes inside a clear gelatinous barrel; deep blue
274,Wallise,Crustacean,Trilobite,Walliserops trifurcatus,rocky,Ilobitetray|Sporesillaw|Wal'tri|Troluboti|Walliul|Trifurkatuz|Walcatus|Trise,"Segmented arthropods with calcite crystal eyes and elaborate spiky shields, including a trident-shaped head projection.","Trilobite with trident head spine, crystal eyes and spiny segmented shell on sandy seabed"
275,Anomalo,Crustacean,Anomalocaris,Anomalocaris canadensis,rocky|gas_giant,Anoora|Adensis|Sisnedanac|Canaora|Aris|Anoari,Early apex predators with swimming lobes along their sides and spiny grasping head appendages. A round mouth lined with plates processed prey.,"Segmented swimmer with undulating side flaps, curved spiny head claws and disc mouth; ancient sea"
276,Opabina,Crustacean,Opabinia,Opabinia regalis,rocky,Opabiniaway|Ainibapo|Upebonoe|Opaiun|Regaliz|Ogalis|Silager|Onia,Small swimmers with five stalked eyes and a long flexible proboscis ending in a claw. Side lobes for swimming.,"Creature with five mushroom-like stalked eyes and long clawed nozzle, segmented body"
277,Hallucig,Crustacean,Hallucigenia,Hallucigenia sparsa,rocky|toxic,Hal'spar|Halluoth|Zparza|Halsparsa|Halcig|Asraps|Hal-Zpar|Sparsaani,Small worm-like animals with paired spines on the back and soft tentacle legs below. Head and tail are hard to tell apart.,"Worm-like body with pairs of long back spines and soft clawed legs, small head"
278,Octavar,Mollusc,Common octopus,Octopus vulgaris,frozen|rocky,Octopusway|Supotco|Oc'vul|Uctupas|Octoix|Vulgariz|Ocgaris|Ocvar,Highly intelligent eight-armed molluscs with neurons distributed through their arms. They change colour and texture instantly and squeeze through any gap larger than their beak.,"Octopus with textured shifting skin, curled arms, intelligent eye; rocky den under ice"
279,Hapaloch,Mollusc,Blue-ringed octopus,Hapalochlaena lunulata,toxic,Ha'lu|Hapaund|Lunulata|Halata|Ocloch|Atalunul|Ha-Lu|Lunuoth,Small octopuses with tetrodotoxin venom potent enough to kill large animals. They flash iridescent blue rings as a warning when threatened.,Small yellow octopus with glowing electric blue rings; toxic shallows
280,Vampyrot,Mollusc,Vampire squid,Vampyroteuthis infernalis,frozen|gas_giant,Uidsqay|Vam'in|Sqaod|Vampyesh|Infernaliz|Vamnalis|Squidrot|Silanrefni,Deep-dwelling cephalopods living in oxygen-poor zones. They feed on drifting organic matter and turn inside-out to show spiny webbing.,"Dark red cephalopod with webbed cloak, glowing eyes"
281,Architeu,Mollusc,Giant squid,Architeuthis dux,frozen|gas_giant,Ar'dux|Archios|Duks|Ardux|Squidteu|Ar-Duks|Duxoth|Arsquid,"Enormous deep-sea squid with the largest eyes of any animal, used to detect large predators in darkness. Two very long feeding tentacles with toothed suckers.","Huge red squid with dinner-plate eyes, two long feeding tentacles; abyssal blackness"
282,Dosidic,Mollusc,Humboldt squid,Dosidicus gigas,rocky|gas_giant,Sucidisod|Do'gi|Dosiae|Dogigas|Squiddic|Osidicusday|Do-Gi|Gigasyr,"Aggressive, fast squid that hunt in large groups, flashing colour patterns to communicate. They tolerate low-oxygen layers and move between depths daily.",Red squid with flashing white-red patterned skin hunting in groups; deep blue
283,Sepiar,Mollusc,Common cuttlefish,Sepia officinalis,rocky,Aipes|Se'of|Cattlifosh|Sepiayr|Offikinaliz|Senalis|Cutpiar|Silaniciffo,Cephalopods with W-shaped pupils and skin capable of rippling colour waves for hypnotic displays. An internal shell controls buoyancy.,Cuttlefish with rippling colour stripes and undulating fin skirt; seagrass
284,Metasep,Mollusc,Flamboyant cuttlefish,Metasepia pfefferi,toxic,Aipesatem|Me'pfef|Metaesh|Pfefferi|Meferi|Cutsep|Ireffefp|Etasepiamay,"Small cuttlefish that walk along seabeds on arms and fins, displaying vivid warning colours. Their flesh carries a unique toxin.","Small cuttlefish with flashing purple, yellow and red patterns walking on sand"
285,Nautilo,Mollusc,Chambered nautilus,Nautilus pompilius,gas_giant|frozen,Autilusnay|Sulituan|Nau'pom|Neatolas|Nautieth|Pompiliuz|Naupilius|Naulo,Shelled cephalopods that control buoyancy by regulating gas and fluid in sealed shell chambers. They have pinhole eyes and dozens of tentacles.,Striped cream-and-brown spiral shell with many tentacles drifting in blue
286,Argonaut,Mollusc,Greater argonaut,Argonauta argo,gas_giant,Argonautway|Atuanogra|Ar'ar|Erguneat|Argoari|Argo|Arargo|Arnaut,Octopuses whose females secrete delicate shells used as egg cases and air traps for buoyancy. Males are tiny.,"Octopus inside white paper-thin ribbed shell, drifting"
287,Grimpot,Mollusc,Dumbo octopus,Grimpoteuthis bathynectes,frozen,Grim'bat|Grimpoeth|Bathynektez|Grimnectes|Ocpot|Setcenyhtab|Grim-Bat|Bathyeth,Deep-sea octopuses with ear-like fins on the mantle used for swimming. They hover above the seafloor and swallow prey whole.,"Pale pink octopus with ear-like fins, webbed arms spread; dark seabed"
288,Conusar,Mollusc,Geographic cone snail,Conus geographus,toxic,Ailsnay|Sunoc|Co'geog|Sneol|Conusae|Geografuz|Coraphus|Snailsar,Predatory snails that fire venomous harpoon teeth to paralyse fish. Their venom contains hundreds of different toxins.,Patterned cone shell with extended proboscis harpoon; toxic reef
289,Chrysoma,Mollusc,Scaly-foot snail,Chrysomallon squamiferum,molten,Chry'squa|Chrysoae|Zkwamiferum|Chryferum|Snailma|Murefimauqs|Khry-Zkwa|Squamiix,"Vent snails with shells and scales armoured with iron sulphide, the only animals known to incorporate iron into their skeleton.",Snail with metallic black shell and scaly armoured foot on black smoker vent
290,Glaucar,Mollusc,Blue dragon sea slug,Glaucus atlanticus,gas_giant|toxic,Ugslay|Sucualg|Glau'at|Slag|Glaucusari|Atlantikuz|Glauticus|Slugcar,"Small blue floating sea slugs that store stinging cells from venomous prey, becoming more toxic than the prey itself.",Blue-silver sea slug with feathery finger appendages floating upside down
291,Elysian,Mollusc,Eastern emerald elysia,Elysia chlorotica,rocky,Elysiaway|Aisyle|E'chlo|Ilysoe|Elyul|Khlorotika|Etica|Esian,Sea slugs that steal chloroplasts from algae and use them to photosynthesise for months. They look like green leaves.,Emerald green leaf-like sea slug with veined body; sunlit water
292,Tridacn,Mollusc,Giant clam,Tridacna gigas,rocky,Amclay|Ancadirt|Tri'gi|Clem|Tridacani|Trigigas|Clamdacn|Idacnatray,"The largest clams, with colourful mantles hosting photosynthetic algae. They can live over a century.",Huge clam with iridescent blue mantle; shallow sunlit reef
293,Achatin,Mollusc,Giant African land snail,Lissachatina fulica,rocky|toxic,Lis'fu|Lissacul|Fulika|Aclica|Snailtin|Aciluf|Liz-Fu|Fuliund,Large land snails that seal their shell opening with a dried mucus plug to survive dry or hostile seasons for months. They eat almost any plant matter and reproduce rapidly.,"Large brown-and-cream striped conical shell, glistening grey body with eye stalks, on a broad leaf in humid haze"
294,Ariolim,Mollusc,Pacific banana slug,Ariolimax columbianus,rocky,Xamiloira|Arioani|Kolumbianuz|Abianus|Sluglim|Sunaibmuloc|Columora|Eroulomex,Large slugs that leave thick protective mucus trails used both for movement and to deter predators. They breathe through a single pore on the side of the mantle.,"Long bright-yellow slug with dark spots, extended eye tentacles, gliding over damp moss"
295,Janthin,Mollusc,Violet sea snail,Janthina janthina,gas_giant,Anihtnaj|Jan'jan|Janthiesh|Janthina|Snailthin|Anthinajay|Jan-Jan|Janthiul,"Blind floating snails that build rafts of mucus-trapped bubbles and drift upside down at the surface, feeding on drifting jellies. They release purple ink when disturbed.",Thin violet spiral shell hanging under a raft of silvery bubbles at the surface of cloud or sea
296,Clionar,Mollusc,Sea angel,Clione limacina,frozen|gas_giant,Angelway|Enoilc|Clio'li|Engil|Clioneani|Limakina|Cliocina|Annar,Shell-less swimming sea slugs that flap wing-like lobes to 'fly' through water. They hunt shelled relatives using hook-armed cone extensions.,"Translucent glass-like winged slug with glowing orange core organs, flapping through icy blue water"
297,Dactylo,Mollusc,Ammonite,Dactylioceras commune,gas_giant,Ammoniteway|Dac'com|Emmunoti|Dactyak|Kommune|Dacmune|Amlo|Enummoc,Shelled cephalopods with ribbed spiral shells divided into gas-filled chambers for buoyancy control. Tentacles reach from the shell opening to catch prey.,"Ribbed ochre spiral shell with tentacles extending, drifting in sunlit cloud layers"
298,Cryptoch,Mollusc,Gumboot chiton,Cryptochiton stelleri,frozen|rocky,Itonchay|Cryp'stel|Chotun|Cryptocari|Ztelleri|Crypleri|Chitoch|Irellets,"The largest chitons, with eight armour plates hidden under a thick, leathery red mantle. They scrape algae with an iron-hardened tongue.","Reddish leathery oval body on cold rock, rasping underside visible"
299,Hexabran,Mollusc,Spanish dancer,Hexabranchus sanguineus,toxic|gas_giant,Ancerday|He'san|Dencir|Hexabesh|Zanguineuz|Heguineus|Danran|Sueniugnas,Large nudibranchs that swim by undulating a flowing red mantle edge like a dancer's skirt. They carry toxic defences from their diet.,Bright red sea slug with flowing white-edged mantle dancing through the water
300,Physalix,Cnidarian & Ctenophore,Portuguese man o' war,Physalia physalis,gas_giant|toxic,Ailasyhp|Phy'phy|Purtagaisi|Physaiun|Fyzaliz|Physalis|Porlix|Silasyhp,Colonial drifters made of specialised zooids: a gas-filled float sail above and long stinging tentacles trailing below. Each individual is really a cooperative colony that cannot survive apart.,"Translucent violet-blue gas bladder with crest sail, curtain of long blue tentacles trailing down through cloud layers"
301,Chironar,Cnidarian & Ctenophore,Australian box jellyfish,Chironex fleckeri,toxic,Ellyfishjay|Xenorihc|Chi'flec|Jillyfosh|Chiroora|Flekkeri|Chikeri|Jelnar,"Cube-shaped jellies with 24 eyes, some with lenses, and lethal venom on long tentacles. Active swimmers rather than passive drifters.","Transparent cube bell with tentacle bundles at each corner, tiny eye clusters; murky toxic sea"
302,Cyanex,Cnidarian & Ctenophore,Lion's mane jellyfish,Cyanea capillata,frozen|gas_giant,Aenayc|Cya'ca|Cyaneaith|Kapillata|Cyalata|Jelnex|Atallipac|Yaneacay,"The largest jellies, with tentacles that may stretch over 30 metres. They thrive in cold water and drift slowly as living curtains.","Huge red-gold bell with masses of fine hair-like tentacles, cold blue water or drifting clouds"
303,Turritop,Cnidarian & Ctenophore,Immortal jellyfish,Turritopsis dohrnii,gas_giant,Sispotirrut|Tur'doh|Turriix|Dohrnii|Turdohrnii|Jeltop|Iinrhod|Tur-Doh,"Tiny jellies that can revert from adult back to juvenile polyp stage when stressed, potentially repeating their life cycle indefinitely.","Tiny transparent bell with bright red core, fine tentacles; glowing particles"
304,Aurelix,Cnidarian & Ctenophore,Moon jellyfish,Aurelia aurita,gas_giant|frozen,Ailerua|Au'au|Aureith|Aurita|Jellix|Atirua|Aureliaway|Au-Au,"Saucer-shaped drifters with four glowing horseshoe-shaped gonads. Tolerant of low oxygen and broad temperatures, forming huge blooms.","Translucent saucer with four-leaf pattern, fringe of short tentacles; blooms in soft light"
305,Prayar,Cnidarian & Ctenophore,Giant siphonophore,Praya dubia,gas_giant,Ayarp|Praya'du|Prayayr|Dubia|Prayardubia|Sipprayar|Aibud|Ayapray,"Extremely long colonial animals, up to 50 metres, of linked zooids swimming, feeding and reproducing together as a single living chain.","Long glowing string of linked translucent units, bioluminescent blue, dark vastness"
306,Velellon,Cnidarian & Ctenophore,By-the-wind sailor,Velella velella,gas_giant,Ailorsay|Allelev|Ve've|Seolur|Velelesh|Velella|Sailon|Elellavay,Small blue colonial drifters with a stiff triangular sail that catches wind. Fleets cover vast areas.,"Small oval blue disc with clear triangular sail, fleet floating on cloud surface"
307,Atollar,Cnidarian & Ctenophore,Atolla jellyfish,Atolla wyvillei,frozen|gas_giant,Allota|Atolund|Wyvillei|Avillei|Jellar|Iellivyw|Atollaway|Wyvilora,Deep-red deep-dwelling jellies that produce a spinning ring of blue bioluminescence as a 'burglar alarm' to attract larger predators to their attackers.,Dark crimson crowned bell with a ring of swirling blue light; pitch black
308,Actinar,Cnidarian & Ctenophore,Beadlet anemone,Actinia equina,rocky|toxic,Anemoneway|Ainitca|Enimuni|Actieen|Ekwina|Acquina|Anar|Aniuqe,Sedentary polyps with rings of stinging tentacles. They fight neighbours using special blue stinging warts and can retract into a jelly-like blob.,"Red anemone with tentacles open, blue beads at base; tide pool"
309,Acropox,Cnidarian & Ctenophore,Staghorn coral,Acropora cervicornis,rocky|toxic,Oralcay|Aroporca|Ac'cer|Curel|Acroari|Kervikorniz|Accornis|Copox,"Colonial polyps that build branching calcium carbonate structures, hosting photosynthetic algae. Their reefs create huge habitat structures.","Branching coral forest, tiny polyps glowing; shallow sunlit sea"
310,Mnemiop,Cnidarian & Ctenophore,Warty comb jelly,Mnemiopsis leidyi,gas_giant|frozen,Ellyjay|Sispoimenm|Mne'lei|Jilly|Mnemiopae|Leidyi|Mneleidyi|Jelmiop,Transparent ctenophores that swim with rows of beating cilia that scatter light into moving rainbows.,Clear lobed jelly with rainbow light rippling down comb rows
311,Cestumar,Cnidarian & Ctenophore,Venus' girdle,Cestum veneris,gas_giant,Irdlegay|Mutsec|Ces've|Gordli|Cestumith|Veneriz|Cesneris|Girmar,"Ribbon-shaped comb jellies up to a metre long, gliding with undulating motion and shimmering iridescent edges.","Long transparent ribbon with iridescent edges, undulating; cloud void"
312,Riftiar,Worm & Tube Dweller,Giant tube worm,Riftia pachyptila,molten,Ormway|Aitfir|Rif'pac|Wurm|Riftiaund|Pakhyptila|Riftila|Wormtiar,"Mouthless, gutless worms with red plumes that harbour symbiotic bacteria, converting vent chemicals to food.",Tall white tubes with blood-red plumes around a black smoker vent
313,Alvinel,Worm & Tube Dweller,Pompeii worm,Alvinella pompejana,molten,Allenivla|Al'pom|Alviix|Pompejana|Aljana|Wormnel|Anajepmop|Al-Pom,"Among the most heat-tolerant animals, living in tubes on vent chimneys with tail ends in very hot water, protected by a fleece of bacteria.","Pale worm with fleece of bacterial filaments, red gill plumes, on hot chimney"
314,Megascol,Worm & Tube Dweller,Giant Gippsland earthworm,Megascolides australis,rocky,Me'aus|Ierthwurm|Megasiun|Auztraliz|Metralis|Earcol|Silartsua|Me-Auz,"Earthworms that can exceed a metre in length, living deep in moist clay burrows. They move so slowly that their activity can be heard as gurgling sounds underground.","Very long blue-grey earthworm with pink head, emerging from wet clay"
315,Hirudar,Worm & Tube Dweller,Medicinal leech,Hirudo medicinalis,toxic|rocky,Eechlay|Odurih|Hi'me|Liich|Hiruari|Medikinaliz|Hinalis|Leechdar,"Blood-feeding annelids with three jaws and anticoagulant saliva, able to go a year between meals. Suckers at both ends allow inchworm-like movement.",Dark olive leech with orange stripes and toothy sucker; murky pond
316,Eunicex,Worm & Tube Dweller,Bobbit worm,Eunice aphroditois,rocky|toxic,Ecinue|Eu'ap|Eunieth|Afroditoiz|Euditois|Wormcex|Siotidorhpa|Euniceway,Ambush predators that bury their long bodies in sediment and strike at prey with scissor-like jaws. They can grow several metres long.,Iridescent long worm with snapping scissor jaws emerging from sand
317,Euperip,Worm & Tube Dweller,Velvet worm,Euperipatoides rowelli,rocky,Eu'ro|Eupeari|Rowelli|Euwelli|Wormrip|Illewor|Eu-Ro|Rowelesh,"Soft-bodied many-legged animals that shoot sticky slime nets to trap prey. Distant relatives of the arthropods.",Velvety dark segmented worm with stubby legs shooting glue-like slime
318,Lineusi,Worm & Tube Dweller,Bootlace worm,Lineus longissimus,frozen|rocky,Suenil|Li'lon|Lineusani|Longizzimuz|Lisimus|Wormsi|Sumissignol|Ineuslay,"Ribbon worms that may be among the longest animals, coiling into tangled masses many metres long. They shoot out an eversible sticky proboscis to snare prey and secrete toxic mucus.",Dark chocolate-brown extremely long thin worm coiled into a glossy tangle on cold dark rock
319,Schmidt,Worm & Tube Dweller,Planarian flatworm,Schmidtea mediterranea,rocky|toxic,Atwormflay|Aetdimhcs|Schmid'me|Fletwurm|Flatschmidt|Idteaschmay|Zkhmid-Me|Mediix,"Flatworms that can regenerate a complete body, brain included, from a small fragment. Two light-sensing eyespots give them a cross-eyed look; they glide on cilia over mucus.","Flat brown arrow-headed worm with two cross-eyed eyespots, gliding on wet stone; fragments regrowing nearby"
320,Acanthar,Echinoderm,Crown-of-thorns starfish,Acanthaster planci,toxic|rocky,Arfishstay|Retsahtnaca|A'plan|Sterfosh|Acanyr|Planki|Aplanci|Starthar,"Large many-armed starfish covered in venomous spines. They feed by pushing their stomach out over prey, and population booms can strip entire reefs.",Spiny purple-red starfish with 15+ thorn-covered arms draped over pale coral; toxic haze
321,Pycnopo,Echinoderm,Sunflower sea star,Pycnopodia helianthoides,frozen|rocky,Arstay|Aidoponcyp|Pyc'he|Ster|Pycnoith|Pycthoides|Starpo|Pyk-He,"Large, fast-moving sea stars with up to 24 arms and thousands of tube feet, hunting shellfish and urchins. They can shed and regrow arms.",Big soft orange-purple sea star with many arms sprawled across cold rocky seabed
322,Strongyl,Echinoderm,Purple sea urchin,Strongylocentrotus purpuratus,frozen|rocky,Urchinway|Stron'pur|Archon|Strongyesh|Purpuratuz|Stronratus|Urgyl|Sutaruprup,"Spiny grazers with a five-part chewing jaw apparatus, able to scrape and burrow into solid rock. They move on hundreds of tube feet between spines.","Purple spiny ball with transparent tube feet extended, on kelp-covered cold seabed"
323,Scotopl,Echinoderm,Sea pig,Scotoplanes globosa,frozen,Easay|Senalpotocs|Sco'glo|Scotopora|Globoza|Scobosa|Seatopl|Asobolg,"Deep-sea sea cucumbers that walk across soft mud on enlarged tube feet, feeding on organic matter in sediment. They gather in large herds.","Pink translucent sea cucumber with leg-like tube feet and tentacle 'horns', herd on dark ooze"
324,Gorgonoc,Echinoderm,Basket star,Gorgonocephalus eucnemis,frozen,Gor'euc|Gorgoora|Euknemiz|Gornemis|Starnoc|Simencue|Gor-Euk|Eucneith,"Brittle stars with arms that branch over and over into a fractal net, unfurled at night to catch drifting food. By day they curl into a tight ball.",Fractal branching tan arms spread in a current like a living net; deep cold water
325,Antedon,Echinoderm,Feather star,Antedon bifida,gas_giant|rocky,Nodetna|An'bi|Anteul|Bifida|Anfida|Stardon|Adifib|Antedonway,Free-swimming crinoids with ten feathery arms that wave to swim and filter particles. Small claw-like appendages let them perch on surfaces.,"Red-orange feathery arms swimming and perched on rock, delicate pinnules"
326,Ramazzo,Other,Tardigrade,Ramazzottius varieornatus,molten|frozen|toxic,Ra'va|Terdogredi|Ramazul|Ranatus|Tarzo|Ra-Va|Varieorae|Rade,"Microscopic eight-legged animals that survive extreme cold, heat, radiation, vacuum and drying by entering a glass-like dormant state. Protective proteins shield their DNA.","Plump barrel-shaped eight-legged micro-animal with clawed stubby feet, electron-microscope style render"
327,Euplect,Other,Venus' flower basket,Euplectella aspergillum,frozen,Asketbay|Alletcelpue|Eup'as|Beskit|Euplecul|Azpergillum|Eupgillum|Baslect,Deep-water sponges with skeletons of fused silica forming an intricate glass lattice. They filter water and house pairs of small shrimp trapped inside for life.,"Glassy white tube sponge with lattice walls, glowing faintly; deep icy water"
328,Adineta,Other,Bdelloid rotifer,Adineta vaga,molten|frozen,Otiferray|Atenida|Rutofir|Adiix|Vaga|Avaga|Rota|Agav,"Microscopic animals that survive complete drying and radiation, reviving with water. They reproduce without mates and absorb foreign genes.","Microscopic translucent rotifer with spinning wheel cilia, micrograph style"
329,Pyrosom,Other,Pyrosome,Pyrosoma atlanticum,gas_giant|frozen,Yrosomepay|Amosoryp|Py'at|Pyrusumi|Pyroix|Atlantikum|Pyticum|Pysom,Colonial tunicates made of thousands of individuals forming a hollow glowing tube that can grow to many metres. They pump water through the colony to move.,Glowing pink-blue tube colony drifting through dark water or clouds
330,Salpar,Other,Salp,Salpa maxima,gas_giant,Alpsay|Aplas|Sal'ma|Selp|Salpaix|Maksima|Salxima|Salppar,"Barrel-shaped transparent tunicates that pump water to swim and filter food, alternating between solitary forms and long linked chains.",Transparent barrel chain spiralling through blue water or cloud
331,Physarum,Other,Many-headed slime mould,Physarum polycephalum,toxic|rocky,Ouldmay|Murasyhp|Phy'po|Muald|Physayr|Polykefalum|Phyhalum|Mouldrum,"Giant single-celled organisms that spread as branching networks, finding efficient paths between food sources and solving mazes without a brain.",Bright yellow branching vein network spreading across dark surfaces
332,Humani,Mammal,Human,Homo sapiens,rocky,Namuh|Sapiens|Hom'sa|Hoomin|Terran|Homosapi|Earthani|Umanis,"Upright, highly adaptable generalists with dexterous hands and an unmatched capacity for language and cooperation. A long childhood lets each generation inherit and extend an enormous body of learned culture and technology.","Ordinary adult human, natural skin, hair and eyes, attentive face; warm interior light"
333,Canifam,Mammal,Domestic dog,Canis familiaris,rocky,Godmaf|Canisfa|Can'fa|Dogga|Canifar|Familiaz|Houndfam|Anisfay,"Social, loyal canids with a superb sense of smell and a deep instinct for reading the gestures and moods of others. Living in close-knit packs, they excel at cooperation, tracking and guarding.","Medium-sized domestic canid, short tan-and-white coat, soft folded ears, friendly dark eyes, expressive brows; homestead dusk light"
334,Felicat,Mammal,Domestic cat,Felis catus,rocky,Tacfel|Feliscu|Fel'ca|Mowra|Felicay|Catusyr|Tabbicat|Elisfay,"Agile, independent felids with acute night vision, sensitive whiskers and lightning reflexes. Curious and self-reliant, they keep their own counsel but form strong bonds on their own terms.","Domestic tabby cat, striped grey-brown fur, upright pointed ears, long white whiskers, green eyes; lamplit window light"
